pt,eta,efficiency
"[0, 40)","[-4, -3.84)",0.0
"[0, 40)","[-3.84, -3.68)",0.0
"[0, 40)","[-3.68, -3.52)",0.0
"[0, 40)","[-3.52, -3.36)",0.0
"[0, 40)","[-3.36, -3.2)",0.0
"[0, 40)","[-3.2, -3.04)",0.0
"[0, 40)","[-3.04, -2.88)",0.0
"[0, 40)","[-2.88, -2.72)",0.0
"[0, 40)","[-2.72, -2.56)",0.0
"[0, 40)","[-2.56, -2.4)",0.0
"[0, 40)","[-2.4, -2.24)",0.0
"[0, 40)","[-2.24, -2.08)",0.0
"[0, 40)","[-2.08, -1.92)",0.0
"[0, 40)","[-1.92, -1.76)",0.0
"[0, 40)","[-1.76, -1.6)",0.0
"[0, 40)","[-1.6, -1.44)",0.0
"[0, 40)","[-1.44, -1.28)",0.0
"[0, 40)","[-1.28, -1.12)",0.0
"[0, 40)","[-1.12, -0.96)",0.0
"[0, 40)","[-0.96, -0.8)",0.0
"[0, 40)","[-0.8, -0.64)",0.0
"[0, 40)","[-0.64, -0.48)",0.0
"[0, 40)","[-0.48, -0.32)",0.0
"[0, 40)","[-0.32, -0.16)",0.0
"[0, 40)","[-0.16, 0)",0.0
"[0, 40)","[0, 0.16)",0.0
"[0, 40)","[0.16, 0.32)",0.0
"[0, 40)","[0.32, 0.48)",0.0
"[0, 40)","[0.48, 0.64)",0.0
"[0, 40)","[0.64, 0.8)",0.0
"[0, 40)","[0.8, 0.96)",0.0
"[0, 40)","[0.96, 1.12)",0.0
"[0, 40)","[1.12, 1.28)",0.0
"[0, 40)","[1.28, 1.44)",0.0
"[0, 40)","[1.44, 1.6)",0.0
"[0, 40)","[1.6, 1.76)",0.0
"[0, 40)","[1.76, 1.92)",0.0
"[0, 40)","[1.92, 2.08)",0.0
"[0, 40)","[2.08, 2.24)",0.0
"[0, 40)","[2.24, 2.4)",0.0
"[0, 40)","[2.4, 2.56)",0.0
"[0, 40)","[2.56, 2.72)",0.0
"[0, 40)","[2.72, 2.88)",0.0
"[0, 40)","[2.88, 3.04)",0.0
"[0, 40)","[3.04, 3.2)",0.0
"[0, 40)","[3.2, 3.36)",0.0
"[0, 40)","[3.36, 3.52)",0.0
"[0, 40)","[3.52, 3.68)",0.0
"[0, 40)","[3.68, 3.84)",0.0
"[0, 40)","[3.84, 4)",0.0
"[40, 80)","[-4, -3.84)",0.0
"[40, 80)","[-3.84, -3.68)",0.0
"[40, 80)","[-3.68, -3.52)",0.0
"[40, 80)","[-3.52, -3.36)",0.0
"[40, 80)","[-3.36, -3.2)",0.0
"[40, 80)","[-3.2, -3.04)",0.0
"[40, 80)","[-3.04, -2.88)",0.0
"[40, 80)","[-2.88, -2.72)",0.0
"[40, 80)","[-2.72, -2.56)",0.0
"[40, 80)","[-2.56, -2.4)",0.0
"[40, 80)","[-2.4, -2.24)",0.0
"[40, 80)","[-2.24, -2.08)",0.0
"[40, 80)","[-2.08, -1.92)",0.0
"[40, 80)","[-1.92, -1.76)",0.0
"[40, 80)","[-1.76, -1.6)",0.0
"[40, 80)","[-1.6, -1.44)",0.0
"[40, 80)","[-1.44, -1.28)",0.0
"[40, 80)","[-1.28, -1.12)",0.0
"[40, 80)","[-1.12, -0.96)",0.0
"[40, 80)","[-0.96, -0.8)",0.0
"[40, 80)","[-0.8, -0.64)",0.0
"[40, 80)","[-0.64, -0.48)",0.0
"[40, 80)","[-0.48, -0.32)",0.0
"[40, 80)","[-0.32, -0.16)",0.0
"[40, 80)","[-0.16, 0)",0.0
"[40, 80)","[0, 0.16)",0.0
"[40, 80)","[0.16, 0.32)",0.0
"[40, 80)","[0.32, 0.48)",0.0
"[40, 80)","[0.48, 0.64)",0.0
"[40, 80)","[0.64, 0.8)",0.0
"[40, 80)","[0.8, 0.96)",0.0
"[40, 80)","[0.96, 1.12)",0.0
"[40, 80)","[1.12, 1.28)",0.0
"[40, 80)","[1.28, 1.44)",0.0
"[40, 80)","[1.44, 1.6)",0.0
"[40, 80)","[1.6, 1.76)",0.0
"[40, 80)","[1.76, 1.92)",0.0
"[40, 80)","[1.92, 2.08)",0.0
"[40, 80)","[2.08, 2.24)",0.0
"[40, 80)","[2.24, 2.4)",0.0
"[40, 80)","[2.4, 2.56)",0.0
"[40, 80)","[2.56, 2.72)",0.0
"[40, 80)","[2.72, 2.88)",0.0
"[40, 80)","[2.88, 3.04)",0.0
"[40, 80)","[3.04, 3.2)",0.0
"[40, 80)","[3.2, 3.36)",0.0
"[40, 80)","[3.36, 3.52)",0.0
"[40, 80)","[3.52, 3.68)",0.0
"[40, 80)","[3.68, 3.84)",0.0
"[40, 80)","[3.84, 4)",0.0
"[80, 120)","[-4, -3.84)",0.0
"[80, 120)","[-3.84, -3.68)",0.0
"[80, 120)","[-3.68, -3.52)",0.0
"[80, 120)","[-3.52, -3.36)",0.0
"[80, 120)","[-3.36, -3.2)",0.0
"[80, 120)","[-3.2, -3.04)",0.0
"[80, 120)","[-3.04, -2.88)",0.0
"[80, 120)","[-2.88, -2.72)",0.0
"[80, 120)","[-2.72, -2.56)",0.0
"[80, 120)","[-2.56, -2.4)",0.0
"[80, 120)","[-2.4, -2.24)",0.0
"[80, 120)","[-2.24, -2.08)",0.0
"[80, 120)","[-2.08, -1.92)",0.0
"[80, 120)","[-1.92, -1.76)",0.0
"[80, 120)","[-1.76, -1.6)",0.0
"[80, 120)","[-1.6, -1.44)",0.0
"[80, 120)","[-1.44, -1.28)",0.0
"[80, 120)","[-1.28, -1.12)",0.0
"[80, 120)","[-1.12, -0.96)",0.0
"[80, 120)","[-0.96, -0.8)",0.0
"[80, 120)","[-0.8, -0.64)",0.0
"[80, 120)","[-0.64, -0.48)",0.0
"[80, 120)","[-0.48, -0.32)",0.0
"[80, 120)","[-0.32, -0.16)",0.0
"[80, 120)","[-0.16, 0)",0.0
"[80, 120)","[0, 0.16)",0.0
"[80, 120)","[0.16, 0.32)",0.0
"[80, 120)","[0.32, 0.48)",0.0
"[80, 120)","[0.48, 0.64)",0.0
"[80, 120)","[0.64, 0.8)",0.0
"[80, 120)","[0.8, 0.96)",0.0
"[80, 120)","[0.96, 1.12)",0.0
"[80, 120)","[1.12, 1.28)",0.0
"[80, 120)","[1.28, 1.44)",0.0
"[80, 120)","[1.44, 1.6)",0.0
"[80, 120)","[1.6, 1.76)",0.0
"[80, 120)","[1.76, 1.92)",0.0
"[80, 120)","[1.92, 2.08)",0.0
"[80, 120)","[2.08, 2.24)",0.0
"[80, 120)","[2.24, 2.4)",0.0
"[80, 120)","[2.4, 2.56)",0.0
"[80, 120)","[2.56, 2.72)",0.0
"[80, 120)","[2.72, 2.88)",0.0
"[80, 120)","[2.88, 3.04)",0.0
"[80, 120)","[3.04, 3.2)",0.0
"[80, 120)","[3.2, 3.36)",0.0
"[80, 120)","[3.36, 3.52)",0.0
"[80, 120)","[3.52, 3.68)",0.0
"[80, 120)","[3.68, 3.84)",0.0
"[80, 120)","[3.84, 4)",0.0
"[120, 160)","[-4, -3.84)",0.0
"[120, 160)","[-3.84, -3.68)",0.0
"[120, 160)","[-3.68, -3.52)",0.0
"[120, 160)","[-3.52, -3.36)",0.0
"[120, 160)","[-3.36, -3.2)",0.0
"[120, 160)","[-3.2, -3.04)",0.0
"[120, 160)","[-3.04, -2.88)",0.0
"[120, 160)","[-2.88, -2.72)",0.0
"[120, 160)","[-2.72, -2.56)",0.0
"[120, 160)","[-2.56, -2.4)",0.0
"[120, 160)","[-2.4, -2.24)",0.0
"[120, 160)","[-2.24, -2.08)",0.0
"[120, 160)","[-2.08, -1.92)",0.0
"[120, 160)","[-1.92, -1.76)",0.0
"[120, 160)","[-1.76, -1.6)",0.0
"[120, 160)","[-1.6, -1.44)",0.0
"[120, 160)","[-1.44, -1.28)",0.0
"[120, 160)","[-1.28, -1.12)",0.0
"[120, 160)","[-1.12, -0.96)",0.0
"[120, 160)","[-0.96, -0.8)",0.0
"[120, 160)","[-0.8, -0.64)",0.0
"[120, 160)","[-0.64, -0.48)",0.0
"[120, 160)","[-0.48, -0.32)",0.0
"[120, 160)","[-0.32, -0.16)",0.0
"[120, 160)","[-0.16, 0)",0.0
"[120, 160)","[0, 0.16)",0.0
"[120, 160)","[0.16, 0.32)",0.0
"[120, 160)","[0.32, 0.48)",0.0
"[120, 160)","[0.48, 0.64)",0.0
"[120, 160)","[0.64, 0.8)",0.0
"[120, 160)","[0.8, 0.96)",0.0
"[120, 160)","[0.96, 1.12)",0.0
"[120, 160)","[1.12, 1.28)",0.0
"[120, 160)","[1.28, 1.44)",0.0
"[120, 160)","[1.44, 1.6)",0.0
"[120, 160)","[1.6, 1.76)",0.0
"[120, 160)","[1.76, 1.92)",0.0
"[120, 160)","[1.92, 2.08)",0.0
"[120, 160)","[2.08, 2.24)",0.0
"[120, 160)","[2.24, 2.4)",0.0
"[120, 160)","[2.4, 2.56)",0.0
"[120, 160)","[2.56, 2.72)",0.0
"[120, 160)","[2.72, 2.88)",0.0
"[120, 160)","[2.88, 3.04)",0.0
"[120, 160)","[3.04, 3.2)",0.0
"[120, 160)","[3.2, 3.36)",0.0
"[120, 160)","[3.36, 3.52)",0.0
"[120, 160)","[3.52, 3.68)",0.0
"[120, 160)","[3.68, 3.84)",0.0
"[120, 160)","[3.84, 4)",0.0
"[160, 200)","[-4, -3.84)",0.0
"[160, 200)","[-3.84, -3.68)",0.0
"[160, 200)","[-3.68, -3.52)",0.0
"[160, 200)","[-3.52, -3.36)",0.0
"[160, 200)","[-3.36, -3.2)",0.0
"[160, 200)","[-3.2, -3.04)",0.0
"[160, 200)","[-3.04, -2.88)",0.0
"[160, 200)","[-2.88, -2.72)",0.0
"[160, 200)","[-2.72, -2.56)",0.0
"[160, 200)","[-2.56, -2.4)",0.0
"[160, 200)","[-2.4, -2.24)",0.0
"[160, 200)","[-2.24, -2.08)",0.0
"[160, 200)","[-2.08, -1.92)",0.0
"[160, 200)","[-1.92, -1.76)",0.0
"[160, 200)","[-1.76, -1.6)",0.0
"[160, 200)","[-1.6, -1.44)",0.0
"[160, 200)","[-1.44, -1.28)",0.0
"[160, 200)","[-1.28, -1.12)",0.0
"[160, 200)","[-1.12, -0.96)",0.0
"[160, 200)","[-0.96, -0.8)",0.0
"[160, 200)","[-0.8, -0.64)",0.0
"[160, 200)","[-0.64, -0.48)",0.0
"[160, 200)","[-0.48, -0.32)",0.0
"[160, 200)","[-0.32, -0.16)",0.0
"[160, 200)","[-0.16, 0)",0.0
"[160, 200)","[0, 0.16)",0.0
"[160, 200)","[0.16, 0.32)",0.0
"[160, 200)","[0.32, 0.48)",0.0
"[160, 200)","[0.48, 0.64)",0.0
"[160, 200)","[0.64, 0.8)",0.0
"[160, 200)","[0.8, 0.96)",0.0
"[160, 200)","[0.96, 1.12)",0.0
"[160, 200)","[1.12, 1.28)",0.0
"[160, 200)","[1.28, 1.44)",0.0
"[160, 200)","[1.44, 1.6)",0.0
"[160, 200)","[1.6, 1.76)",0.0
"[160, 200)","[1.76, 1.92)",0.0
"[160, 200)","[1.92, 2.08)",0.0
"[160, 200)","[2.08, 2.24)",0.0
"[160, 200)","[2.24, 2.4)",0.0
"[160, 200)","[2.4, 2.56)",0.0
"[160, 200)","[2.56, 2.72)",0.0
"[160, 200)","[2.72, 2.88)",0.0
"[160, 200)","[2.88, 3.04)",0.0
"[160, 200)","[3.04, 3.2)",0.0
"[160, 200)","[3.2, 3.36)",0.0
"[160, 200)","[3.36, 3.52)",0.0
"[160, 200)","[3.52, 3.68)",0.0
"[160, 200)","[3.68, 3.84)",0.0
"[160, 200)","[3.84, 4)",0.0
"[200, 240)","[-4, -3.84)",0.0
"[200, 240)","[-3.84, -3.68)",0.0
"[200, 240)","[-3.68, -3.52)",0.0
"[200, 240)","[-3.52, -3.36)",0.0
"[200, 240)","[-3.36, -3.2)",0.0
"[200, 240)","[-3.2, -3.04)",0.0
"[200, 240)","[-3.04, -2.88)",0.0
"[200, 240)","[-2.88, -2.72)",0.0
"[200, 240)","[-2.72, -2.56)",0.0
"[200, 240)","[-2.56, -2.4)",0.0
"[200, 240)","[-2.4, -2.24)",0.0
"[200, 240)","[-2.24, -2.08)",0.0
"[200, 240)","[-2.08, -1.92)",0.0
"[200, 240)","[-1.92, -1.76)",0.0
"[200, 240)","[-1.76, -1.6)",0.0
"[200, 240)","[-1.6, -1.44)",0.0
"[200, 240)","[-1.44, -1.28)",0.0
"[200, 240)","[-1.28, -1.12)",0.0
"[200, 240)","[-1.12, -0.96)",0.0
"[200, 240)","[-0.96, -0.8)",0.0
"[200, 240)","[-0.8, -0.64)",0.0
"[200, 240)","[-0.64, -0.48)",0.0
"[200, 240)","[-0.48, -0.32)",0.0
"[200, 240)","[-0.32, -0.16)",0.0
"[200, 240)","[-0.16, 0)",0.0
"[200, 240)","[0, 0.16)",0.0
"[200, 240)","[0.16, 0.32)",0.0
"[200, 240)","[0.32, 0.48)",0.0
"[200, 240)","[0.48, 0.64)",0.0
"[200, 240)","[0.64, 0.8)",0.0
"[200, 240)","[0.8, 0.96)",0.0
"[200, 240)","[0.96, 1.12)",0.0
"[200, 240)","[1.12, 1.28)",0.0
"[200, 240)","[1.28, 1.44)",0.0
"[200, 240)","[1.44, 1.6)",0.0
"[200, 240)","[1.6, 1.76)",0.0
"[200, 240)","[1.76, 1.92)",0.0
"[200, 240)","[1.92, 2.08)",0.0
"[200, 240)","[2.08, 2.24)",0.0
"[200, 240)","[2.24, 2.4)",0.0
"[200, 240)","[2.4, 2.56)",0.0
"[200, 240)","[2.56, 2.72)",0.0
"[200, 240)","[2.72, 2.88)",0.0
"[200, 240)","[2.88, 3.04)",0.0
"[200, 240)","[3.04, 3.2)",0.0
"[200, 240)","[3.2, 3.36)",0.0
"[200, 240)","[3.36, 3.52)",0.0
"[200, 240)","[3.52, 3.68)",0.0
"[200, 240)","[3.68, 3.84)",0.0
"[200, 240)","[3.84, 4)",0.0
"[240, 280)","[-4, -3.84)",0.0
"[240, 280)","[-3.84, -3.68)",0.0
"[240, 280)","[-3.68, -3.52)",0.0
"[240, 280)","[-3.52, -3.36)",0.0
"[240, 280)","[-3.36, -3.2)",0.0
"[240, 280)","[-3.2, -3.04)",0.0
"[240, 280)","[-3.04, -2.88)",0.0
"[240, 280)","[-2.88, -2.72)",0.0
"[240, 280)","[-2.72, -2.56)",0.0
"[240, 280)","[-2.56, -2.4)",0.0
"[240, 280)","[-2.4, -2.24)",0.0
"[240, 280)","[-2.24, -2.08)",0.0
"[240, 280)","[-2.08, -1.92)",0.0
"[240, 280)","[-1.92, -1.76)",0.0
"[240, 280)","[-1.76, -1.6)",0.0
"[240, 280)","[-1.6, -1.44)",0.0
"[240, 280)","[-1.44, -1.28)",0.0
"[240, 280)","[-1.28, -1.12)",0.0
"[240, 280)","[-1.12, -0.96)",0.0
"[240, 280)","[-0.96, -0.8)",0.0
"[240, 280)","[-0.8, -0.64)",0.0
"[240, 280)","[-0.64, -0.48)",0.0
"[240, 280)","[-0.48, -0.32)",0.0
"[240, 280)","[-0.32, -0.16)",0.0
"[240, 280)","[-0.16, 0)",0.0
"[240, 280)","[0, 0.16)",0.0
"[240, 280)","[0.16, 0.32)",0.0
"[240, 280)","[0.32, 0.48)",0.0
"[240, 280)","[0.48, 0.64)",0.0
"[240, 280)","[0.64, 0.8)",0.0
"[240, 280)","[0.8, 0.96)",0.0
"[240, 280)","[0.96, 1.12)",0.0
"[240, 280)","[1.12, 1.28)",0.0
"[240, 280)","[1.28, 1.44)",0.0
"[240, 280)","[1.44, 1.6)",0.0
"[240, 280)","[1.6, 1.76)",0.0
"[240, 280)","[1.76, 1.92)",0.0
"[240, 280)","[1.92, 2.08)",0.0
"[240, 280)","[2.08, 2.24)",0.0
"[240, 280)","[2.24, 2.4)",0.0
"[240, 280)","[2.4, 2.56)",0.0
"[240, 280)","[2.56, 2.72)",0.0
"[240, 280)","[2.72, 2.88)",0.0
"[240, 280)","[2.88, 3.04)",0.0
"[240, 280)","[3.04, 3.2)",0.0
"[240, 280)","[3.2, 3.36)",0.0
"[240, 280)","[3.36, 3.52)",0.0
"[240, 280)","[3.52, 3.68)",0.0
"[240, 280)","[3.68, 3.84)",0.0
"[240, 280)","[3.84, 4)",0.0
"[280, 320)","[-4, -3.84)",0.0
"[280, 320)","[-3.84, -3.68)",0.0
"[280, 320)","[-3.68, -3.52)",0.0
"[280, 320)","[-3.52, -3.36)",0.0
"[280, 320)","[-3.36, -3.2)",0.0
"[280, 320)","[-3.2, -3.04)",0.0
"[280, 320)","[-3.04, -2.88)",0.0
"[280, 320)","[-2.88, -2.72)",0.0
"[280, 320)","[-2.72, -2.56)",0.0
"[280, 320)","[-2.56, -2.4)",0.0
"[280, 320)","[-2.4, -2.24)",0.0
"[280, 320)","[-2.24, -2.08)",0.0
"[280, 320)","[-2.08, -1.92)",0.0
"[280, 320)","[-1.92, -1.76)",0.0
"[280, 320)","[-1.76, -1.6)",0.0
"[280, 320)","[-1.6, -1.44)",0.0
"[280, 320)","[-1.44, -1.28)",0.0
"[280, 320)","[-1.28, -1.12)",0.0
"[280, 320)","[-1.12, -0.96)",0.0
"[280, 320)","[-0.96, -0.8)",0.0
"[280, 320)","[-0.8, -0.64)",0.0
"[280, 320)","[-0.64, -0.48)",0.0
"[280, 320)","[-0.48, -0.32)",0.0
"[280, 320)","[-0.32, -0.16)",0.0
"[280, 320)","[-0.16, 0)",0.0
"[280, 320)","[0, 0.16)",0.0
"[280, 320)","[0.16, 0.32)",0.0
"[280, 320)","[0.32, 0.48)",0.0
"[280, 320)","[0.48, 0.64)",0.0
"[280, 320)","[0.64, 0.8)",0.0
"[280, 320)","[0.8, 0.96)",0.0
"[280, 320)","[0.96, 1.12)",0.0
"[280, 320)","[1.12, 1.28)",0.0
"[280, 320)","[1.28, 1.44)",0.0
"[280, 320)","[1.44, 1.6)",0.0
"[280, 320)","[1.6, 1.76)",0.0
"[280, 320)","[1.76, 1.92)",0.0
"[280, 320)","[1.92, 2.08)",0.0
"[280, 320)","[2.08, 2.24)",0.0
"[280, 320)","[2.24, 2.4)",0.0
"[280, 320)","[2.4, 2.56)",0.0
"[280, 320)","[2.56, 2.72)",0.0
"[280, 320)","[2.72, 2.88)",0.0
"[280, 320)","[2.88, 3.04)",0.0
"[280, 320)","[3.04, 3.2)",0.0
"[280, 320)","[3.2, 3.36)",0.0
"[280, 320)","[3.36, 3.52)",0.0
"[280, 320)","[3.52, 3.68)",0.0
"[280, 320)","[3.68, 3.84)",0.0
"[280, 320)","[3.84, 4)",0.0
"[320, 360)","[-4, -3.84)",0.0
"[320, 360)","[-3.84, -3.68)",0.0
"[320, 360)","[-3.68, -3.52)",0.0
"[320, 360)","[-3.52, -3.36)",0.0
"[320, 360)","[-3.36, -3.2)",0.0
"[320, 360)","[-3.2, -3.04)",0.0
"[320, 360)","[-3.04, -2.88)",0.0
"[320, 360)","[-2.88, -2.72)",0.0
"[320, 360)","[-2.72, -2.56)",0.0
"[320, 360)","[-2.56, -2.4)",0.0
"[320, 360)","[-2.4, -2.24)",0.0
"[320, 360)","[-2.24, -2.08)",0.0
"[320, 360)","[-2.08, -1.92)",0.0
"[320, 360)","[-1.92, -1.76)",0.0
"[320, 360)","[-1.76, -1.6)",0.0
"[320, 360)","[-1.6, -1.44)",0.0
"[320, 360)","[-1.44, -1.28)",0.0
"[320, 360)","[-1.28, -1.12)",0.0
"[320, 360)","[-1.12, -0.96)",0.0
"[320, 360)","[-0.96, -0.8)",0.0
"[320, 360)","[-0.8, -0.64)",0.0
"[320, 360)","[-0.64, -0.48)",0.0
"[320, 360)","[-0.48, -0.32)",0.0
"[320, 360)","[-0.32, -0.16)",0.0
"[320, 360)","[-0.16, 0)",0.0
"[320, 360)","[0, 0.16)",0.0
"[320, 360)","[0.16, 0.32)",0.0
"[320, 360)","[0.32, 0.48)",0.0
"[320, 360)","[0.48, 0.64)",0.0
"[320, 360)","[0.64, 0.8)",0.0
"[320, 360)","[0.8, 0.96)",0.0
"[320, 360)","[0.96, 1.12)",0.0
"[320, 360)","[1.12, 1.28)",0.0
"[320, 360)","[1.28, 1.44)",0.0
"[320, 360)","[1.44, 1.6)",0.0
"[320, 360)","[1.6, 1.76)",0.0
"[320, 360)","[1.76, 1.92)",0.0
"[320, 360)","[1.92, 2.08)",0.0
"[320, 360)","[2.08, 2.24)",0.0
"[320, 360)","[2.24, 2.4)",0.0
"[320, 360)","[2.4, 2.56)",0.0
"[320, 360)","[2.56, 2.72)",0.0
"[320, 360)","[2.72, 2.88)",0.0
"[320, 360)","[2.88, 3.04)",0.0
"[320, 360)","[3.04, 3.2)",0.0
"[320, 360)","[3.2, 3.36)",0.0
"[320, 360)","[3.36, 3.52)",0.0
"[320, 360)","[3.52, 3.68)",0.0
"[320, 360)","[3.68, 3.84)",0.0
"[320, 360)","[3.84, 4)",0.0
"[360, 400)","[-4, -3.84)",0.0
"[360, 400)","[-3.84, -3.68)",0.0
"[360, 400)","[-3.68, -3.52)",0.0
"[360, 400)","[-3.52, -3.36)",0.0
"[360, 400)","[-3.36, -3.2)",0.0
"[360, 400)","[-3.2, -3.04)",0.0
"[360, 400)","[-3.04, -2.88)",0.0
"[360, 400)","[-2.88, -2.72)",0.0
"[360, 400)","[-2.72, -2.56)",0.0
"[360, 400)","[-2.56, -2.4)",0.0
"[360, 400)","[-2.4, -2.24)",0.0
"[360, 400)","[-2.24, -2.08)",0.0
"[360, 400)","[-2.08, -1.92)",0.0
"[360, 400)","[-1.92, -1.76)",0.0
"[360, 400)","[-1.76, -1.6)",0.0
"[360, 400)","[-1.6, -1.44)",0.0
"[360, 400)","[-1.44, -1.28)",0.0
"[360, 400)","[-1.28, -1.12)",0.0
"[360, 400)","[-1.12, -0.96)",0.0
"[360, 400)","[-0.96, -0.8)",0.0
"[360, 400)","[-0.8, -0.64)",0.0
"[360, 400)","[-0.64, -0.48)",0.0
"[360, 400)","[-0.48, -0.32)",0.0
"[360, 400)","[-0.32, -0.16)",0.0
"[360, 400)","[-0.16, 0)",0.0
"[360, 400)","[0, 0.16)",0.0
"[360, 400)","[0.16, 0.32)",0.0
"[360, 400)","[0.32, 0.48)",0.0
"[360, 400)","[0.48, 0.64)",0.0
"[360, 400)","[0.64, 0.8)",0.0
"[360, 400)","[0.8, 0.96)",0.0
"[360, 400)","[0.96, 1.12)",0.0
"[360, 400)","[1.12, 1.28)",0.0
"[360, 400)","[1.28, 1.44)",0.0
"[360, 400)","[1.44, 1.6)",0.0
"[360, 400)","[1.6, 1.76)",0.0
"[360, 400)","[1.76, 1.92)",0.0
"[360, 400)","[1.92, 2.08)",0.0
"[360, 400)","[2.08, 2.24)",0.0
"[360, 400)","[2.24, 2.4)",0.0
"[360, 400)","[2.4, 2.56)",0.0
"[360, 400)","[2.56, 2.72)",0.0
"[360, 400)","[2.72, 2.88)",0.0
"[360, 400)","[2.88, 3.04)",0.0
"[360, 400)","[3.04, 3.2)",0.0
"[360, 400)","[3.2, 3.36)",0.0
"[360, 400)","[3.36, 3.52)",0.0
"[360, 400)","[3.52, 3.68)",0.0
"[360, 400)","[3.68, 3.84)",0.0
"[360, 400)","[3.84, 4)",0.0
"[400, 440)","[-4, -3.84)",0.0
"[400, 440)","[-3.84, -3.68)",0.0
"[400, 440)","[-3.68, -3.52)",0.0
"[400, 440)","[-3.52, -3.36)",0.0
"[400, 440)","[-3.36, -3.2)",0.0
"[400, 440)","[-3.2, -3.04)",0.0
"[400, 440)","[-3.04, -2.88)",0.0
"[400, 440)","[-2.88, -2.72)",0.0
"[400, 440)","[-2.72, -2.56)",0.0
"[400, 440)","[-2.56, -2.4)",0.0
"[400, 440)","[-2.4, -2.24)",0.0
"[400, 440)","[-2.24, -2.08)",0.0
"[400, 440)","[-2.08, -1.92)",0.0
"[400, 440)","[-1.92, -1.76)",0.0
"[400, 440)","[-1.76, -1.6)",0.0
"[400, 440)","[-1.6, -1.44)",0.0
"[400, 440)","[-1.44, -1.28)",0.0
"[400, 440)","[-1.28, -1.12)",0.0
"[400, 440)","[-1.12, -0.96)",0.0
"[400, 440)","[-0.96, -0.8)",0.0
"[400, 440)","[-0.8, -0.64)",0.0
"[400, 440)","[-0.64, -0.48)",0.0
"[400, 440)","[-0.48, -0.32)",0.0
"[400, 440)","[-0.32, -0.16)",0.0
"[400, 440)","[-0.16, 0)",0.0
"[400, 440)","[0, 0.16)",0.0
"[400, 440)","[0.16, 0.32)",0.0
"[400, 440)","[0.32, 0.48)",0.0
"[400, 440)","[0.48, 0.64)",0.0
"[400, 440)","[0.64, 0.8)",0.0
"[400, 440)","[0.8, 0.96)",0.0
"[400, 440)","[0.96, 1.12)",0.0
"[400, 440)","[1.12, 1.28)",0.0
"[400, 440)","[1.28, 1.44)",0.0
"[400, 440)","[1.44, 1.6)",0.0
"[400, 440)","[1.6, 1.76)",0.0
"[400, 440)","[1.76, 1.92)",0.0
"[400, 440)","[1.92, 2.08)",0.0
"[400, 440)","[2.08, 2.24)",0.0
"[400, 440)","[2.24, 2.4)",0.0
"[400, 440)","[2.4, 2.56)",0.0
"[400, 440)","[2.56, 2.72)",0.0
"[400, 440)","[2.72, 2.88)",0.0
"[400, 440)","[2.88, 3.04)",0.0
"[400, 440)","[3.04, 3.2)",0.0
"[400, 440)","[3.2, 3.36)",0.0
"[400, 440)","[3.36, 3.52)",0.0
"[400, 440)","[3.52, 3.68)",0.0
"[400, 440)","[3.68, 3.84)",0.0
"[400, 440)","[3.84, 4)",0.0
"[440, 480)","[-4, -3.84)",0.0
"[440, 480)","[-3.84, -3.68)",0.0
"[440, 480)","[-3.68, -3.52)",0.0
"[440, 480)","[-3.52, -3.36)",0.0
"[440, 480)","[-3.36, -3.2)",0.0
"[440, 480)","[-3.2, -3.04)",0.0
"[440, 480)","[-3.04, -2.88)",0.0
"[440, 480)","[-2.88, -2.72)",0.0
"[440, 480)","[-2.72, -2.56)",0.0
"[440, 480)","[-2.56, -2.4)",0.0
"[440, 480)","[-2.4, -2.24)",0.0
"[440, 480)","[-2.24, -2.08)",0.0
"[440, 480)","[-2.08, -1.92)",0.0
"[440, 480)","[-1.92, -1.76)",0.0
"[440, 480)","[-1.76, -1.6)",0.0
"[440, 480)","[-1.6, -1.44)",0.0
"[440, 480)","[-1.44, -1.28)",0.0
"[440, 480)","[-1.28, -1.12)",0.0
"[440, 480)","[-1.12, -0.96)",0.0
"[440, 480)","[-0.96, -0.8)",0.0
"[440, 480)","[-0.8, -0.64)",0.0
"[440, 480)","[-0.64, -0.48)",0.0
"[440, 480)","[-0.48, -0.32)",0.0
"[440, 480)","[-0.32, -0.16)",0.0
"[440, 480)","[-0.16, 0)",0.0
"[440, 480)","[0, 0.16)",0.0
"[440, 480)","[0.16, 0.32)",0.0
"[440, 480)","[0.32, 0.48)",0.0
"[440, 480)","[0.48, 0.64)",0.0
"[440, 480)","[0.64, 0.8)",0.0
"[440, 480)","[0.8, 0.96)",0.0
"[440, 480)","[0.96, 1.12)",0.0
"[440, 480)","[1.12, 1.28)",0.0
"[440, 480)","[1.28, 1.44)",0.0
"[440, 480)","[1.44, 1.6)",0.0
"[440, 480)","[1.6, 1.76)",0.0
"[440, 480)","[1.76, 1.92)",0.0
"[440, 480)","[1.92, 2.08)",0.0
"[440, 480)","[2.08, 2.24)",0.0
"[440, 480)","[2.24, 2.4)",0.0
"[440, 480)","[2.4, 2.56)",0.0
"[440, 480)","[2.56, 2.72)",0.0
"[440, 480)","[2.72, 2.88)",0.0
"[440, 480)","[2.88, 3.04)",0.0
"[440, 480)","[3.04, 3.2)",0.0
"[440, 480)","[3.2, 3.36)",0.0
"[440, 480)","[3.36, 3.52)",0.0
"[440, 480)","[3.52, 3.68)",0.0
"[440, 480)","[3.68, 3.84)",0.0
"[440, 480)","[3.84, 4)",0.0
"[480, 520)","[-4, -3.84)",0.0
"[480, 520)","[-3.84, -3.68)",0.0
"[480, 520)","[-3.68, -3.52)",0.0
"[480, 520)","[-3.52, -3.36)",0.0
"[480, 520)","[-3.36, -3.2)",0.0
"[480, 520)","[-3.2, -3.04)",0.0
"[480, 520)","[-3.04, -2.88)",0.0
"[480, 520)","[-2.88, -2.72)",0.0
"[480, 520)","[-2.72, -2.56)",0.0
"[480, 520)","[-2.56, -2.4)",0.0
"[480, 520)","[-2.4, -2.24)",0.0
"[480, 520)","[-2.24, -2.08)",0.0
"[480, 520)","[-2.08, -1.92)",0.0
"[480, 520)","[-1.92, -1.76)",0.0
"[480, 520)","[-1.76, -1.6)",0.0
"[480, 520)","[-1.6, -1.44)",0.0
"[480, 520)","[-1.44, -1.28)",0.0
"[480, 520)","[-1.28, -1.12)",0.0
"[480, 520)","[-1.12, -0.96)",0.0
"[480, 520)","[-0.96, -0.8)",0.0
"[480, 520)","[-0.8, -0.64)",0.0
"[480, 520)","[-0.64, -0.48)",0.0
"[480, 520)","[-0.48, -0.32)",0.0
"[480, 520)","[-0.32, -0.16)",0.0
"[480, 520)","[-0.16, 0)",0.0
"[480, 520)","[0, 0.16)",0.0
"[480, 520)","[0.16, 0.32)",0.0
"[480, 520)","[0.32, 0.48)",0.0
"[480, 520)","[0.48, 0.64)",0.0
"[480, 520)","[0.64, 0.8)",0.0
"[480, 520)","[0.8, 0.96)",0.0
"[480, 520)","[0.96, 1.12)",0.0
"[480, 520)","[1.12, 1.28)",0.0
"[480, 520)","[1.28, 1.44)",0.0
"[480, 520)","[1.44, 1.6)",0.0
"[480, 520)","[1.6, 1.76)",0.0
"[480, 520)","[1.76, 1.92)",0.0
"[480, 520)","[1.92, 2.08)",0.0
"[480, 520)","[2.08, 2.24)",0.0
"[480, 520)","[2.24, 2.4)",0.0
"[480, 520)","[2.4, 2.56)",0.0
"[480, 520)","[2.56, 2.72)",0.0
"[480, 520)","[2.72, 2.88)",0.0
"[480, 520)","[2.88, 3.04)",0.0
"[480, 520)","[3.04, 3.2)",0.0
"[480, 520)","[3.2, 3.36)",0.0
"[480, 520)","[3.36, 3.52)",0.0
"[480, 520)","[3.52, 3.68)",0.0
"[480, 520)","[3.68, 3.84)",0.0
"[480, 520)","[3.84, 4)",0.0
"[520, 560)","[-4, -3.84)",0.0
"[520, 560)","[-3.84, -3.68)",0.0
"[520, 560)","[-3.68, -3.52)",0.0
"[520, 560)","[-3.52, -3.36)",0.0
"[520, 560)","[-3.36, -3.2)",0.0
"[520, 560)","[-3.2, -3.04)",0.0
"[520, 560)","[-3.04, -2.88)",0.0
"[520, 560)","[-2.88, -2.72)",0.0
"[520, 560)","[-2.72, -2.56)",0.0
"[520, 560)","[-2.56, -2.4)",0.0
"[520, 560)","[-2.4, -2.24)",0.0
"[520, 560)","[-2.24, -2.08)",0.0
"[520, 560)","[-2.08, -1.92)",0.0
"[520, 560)","[-1.92, -1.76)",0.0
"[520, 560)","[-1.76, -1.6)",0.0
"[520, 560)","[-1.6, -1.44)",0.0
"[520, 560)","[-1.44, -1.28)",0.0
"[520, 560)","[-1.28, -1.12)",0.0
"[520, 560)","[-1.12, -0.96)",0.0
"[520, 560)","[-0.96, -0.8)",0.0
"[520, 560)","[-0.8, -0.64)",0.0
"[520, 560)","[-0.64, -0.48)",0.0
"[520, 560)","[-0.48, -0.32)",0.0
"[520, 560)","[-0.32, -0.16)",0.0
"[520, 560)","[-0.16, 0)",0.0
"[520, 560)","[0, 0.16)",0.0
"[520, 560)","[0.16, 0.32)",0.0
"[520, 560)","[0.32, 0.48)",0.0
"[520, 560)","[0.48, 0.64)",0.0
"[520, 560)","[0.64, 0.8)",0.0
"[520, 560)","[0.8, 0.96)",0.0
"[520, 560)","[0.96, 1.12)",0.0
"[520, 560)","[1.12, 1.28)",0.0
"[520, 560)","[1.28, 1.44)",0.0
"[520, 560)","[1.44, 1.6)",0.0
"[520, 560)","[1.6, 1.76)",0.0
"[520, 560)","[1.76, 1.92)",0.0
"[520, 560)","[1.92, 2.08)",0.0
"[520, 560)","[2.08, 2.24)",0.0
"[520, 560)","[2.24, 2.4)",0.0
"[520, 560)","[2.4, 2.56)",0.0
"[520, 560)","[2.56, 2.72)",0.0
"[520, 560)","[2.72, 2.88)",0.0
"[520, 560)","[2.88, 3.04)",0.0
"[520, 560)","[3.04, 3.2)",0.0
"[520, 560)","[3.2, 3.36)",0.0
"[520, 560)","[3.36, 3.52)",0.0
"[520, 560)","[3.52, 3.68)",0.0
"[520, 560)","[3.68, 3.84)",0.0
"[520, 560)","[3.84, 4)",0.0
"[560, 600)","[-4, -3.84)",0.0
"[560, 600)","[-3.84, -3.68)",0.0
"[560, 600)","[-3.68, -3.52)",0.0
"[560, 600)","[-3.52, -3.36)",0.0
"[560, 600)","[-3.36, -3.2)",0.0
"[560, 600)","[-3.2, -3.04)",0.0
"[560, 600)","[-3.04, -2.88)",0.0
"[560, 600)","[-2.88, -2.72)",0.0
"[560, 600)","[-2.72, -2.56)",0.0
"[560, 600)","[-2.56, -2.4)",0.0
"[560, 600)","[-2.4, -2.24)",0.0
"[560, 600)","[-2.24, -2.08)",0.0
"[560, 600)","[-2.08, -1.92)",0.0
"[560, 600)","[-1.92, -1.76)",0.0
"[560, 600)","[-1.76, -1.6)",0.0
"[560, 600)","[-1.6, -1.44)",0.0
"[560, 600)","[-1.44, -1.28)",0.0
"[560, 600)","[-1.28, -1.12)",0.0
"[560, 600)","[-1.12, -0.96)",0.0
"[560, 600)","[-0.96, -0.8)",0.0
"[560, 600)","[-0.8, -0.64)",0.0
"[560, 600)","[-0.64, -0.48)",0.0
"[560, 600)","[-0.48, -0.32)",0.0
"[560, 600)","[-0.32, -0.16)",0.0
"[560, 600)","[-0.16, 0)",0.0
"[560, 600)","[0, 0.16)",0.0
"[560, 600)","[0.16, 0.32)",0.0
"[560, 600)","[0.32, 0.48)",0.0
"[560, 600)","[0.48, 0.64)",0.0
"[560, 600)","[0.64, 0.8)",0.0
"[560, 600)","[0.8, 0.96)",0.0
"[560, 600)","[0.96, 1.12)",0.0
"[560, 600)","[1.12, 1.28)",0.0
"[560, 600)","[1.28, 1.44)",0.0
"[560, 600)","[1.44, 1.6)",0.0
"[560, 600)","[1.6, 1.76)",0.0
"[560, 600)","[1.76, 1.92)",0.0
"[560, 600)","[1.92, 2.08)",0.0
"[560, 600)","[2.08, 2.24)",0.0
"[560, 600)","[2.24, 2.4)",0.0
"[560, 600)","[2.4, 2.56)",0.0
"[560, 600)","[2.56, 2.72)",0.0
"[560, 600)","[2.72, 2.88)",0.0
"[560, 600)","[2.88, 3.04)",0.0
"[560, 600)","[3.04, 3.2)",0.0
"[560, 600)","[3.2, 3.36)",0.0
"[560, 600)","[3.36, 3.52)",0.0
"[560, 600)","[3.52, 3.68)",0.0
"[560, 600)","[3.68, 3.84)",0.0
"[560, 600)","[3.84, 4)",0.0
"[600, 640)","[-4, -3.84)",0.0
"[600, 640)","[-3.84, -3.68)",0.0
"[600, 640)","[-3.68, -3.52)",0.0
"[600, 640)","[-3.52, -3.36)",0.0
"[600, 640)","[-3.36, -3.2)",0.0
"[600, 640)","[-3.2, -3.04)",0.0
"[600, 640)","[-3.04, -2.88)",0.0
"[600, 640)","[-2.88, -2.72)",0.0
"[600, 640)","[-2.72, -2.56)",0.0
"[600, 640)","[-2.56, -2.4)",0.0
"[600, 640)","[-2.4, -2.24)",0.0
"[600, 640)","[-2.24, -2.08)",0.0
"[600, 640)","[-2.08, -1.92)",0.0
"[600, 640)","[-1.92, -1.76)",0.0
"[600, 640)","[-1.76, -1.6)",0.0
"[600, 640)","[-1.6, -1.44)",0.0
"[600, 640)","[-1.44, -1.28)",0.0
"[600, 640)","[-1.28, -1.12)",0.0
"[600, 640)","[-1.12, -0.96)",0.0
"[600, 640)","[-0.96, -0.8)",0.0
"[600, 640)","[-0.8, -0.64)",0.0
"[600, 640)","[-0.64, -0.48)",0.0
"[600, 640)","[-0.48, -0.32)",0.0
"[600, 640)","[-0.32, -0.16)",0.0
"[600, 640)","[-0.16, 0)",0.0
"[600, 640)","[0, 0.16)",0.0
"[600, 640)","[0.16, 0.32)",0.0
"[600, 640)","[0.32, 0.48)",0.0
"[600, 640)","[0.48, 0.64)",0.0
"[600, 640)","[0.64, 0.8)",0.0
"[600, 640)","[0.8, 0.96)",0.0
"[600, 640)","[0.96, 1.12)",0.0
"[600, 640)","[1.12, 1.28)",0.0
"[600, 640)","[1.28, 1.44)",0.0
"[600, 640)","[1.44, 1.6)",0.0
"[600, 640)","[1.6, 1.76)",0.0
"[600, 640)","[1.76, 1.92)",0.0
"[600, 640)","[1.92, 2.08)",0.0
"[600, 640)","[2.08, 2.24)",0.0
"[600, 640)","[2.24, 2.4)",0.0
"[600, 640)","[2.4, 2.56)",0.0
"[600, 640)","[2.56, 2.72)",0.0
"[600, 640)","[2.72, 2.88)",0.0
"[600, 640)","[2.88, 3.04)",0.0
"[600, 640)","[3.04, 3.2)",0.0
"[600, 640)","[3.2, 3.36)",0.0
"[600, 640)","[3.36, 3.52)",0.0
"[600, 640)","[3.52, 3.68)",0.0
"[600, 640)","[3.68, 3.84)",0.0
"[600, 640)","[3.84, 4)",0.0
"[640, 680)","[-4, -3.84)",0.0
"[640, 680)","[-3.84, -3.68)",0.0
"[640, 680)","[-3.68, -3.52)",0.0
"[640, 680)","[-3.52, -3.36)",0.0
"[640, 680)","[-3.36, -3.2)",0.0
"[640, 680)","[-3.2, -3.04)",0.0
"[640, 680)","[-3.04, -2.88)",0.0
"[640, 680)","[-2.88, -2.72)",0.0
"[640, 680)","[-2.72, -2.56)",0.0
"[640, 680)","[-2.56, -2.4)",0.0
"[640, 680)","[-2.4, -2.24)",0.0
"[640, 680)","[-2.24, -2.08)",0.0
"[640, 680)","[-2.08, -1.92)",0.0
"[640, 680)","[-1.92, -1.76)",0.0
"[640, 680)","[-1.76, -1.6)",0.0
"[640, 680)","[-1.6, -1.44)",0.0
"[640, 680)","[-1.44, -1.28)",0.0
"[640, 680)","[-1.28, -1.12)",0.0
"[640, 680)","[-1.12, -0.96)",0.0
"[640, 680)","[-0.96, -0.8)",0.0
"[640, 680)","[-0.8, -0.64)",0.0
"[640, 680)","[-0.64, -0.48)",0.0
"[640, 680)","[-0.48, -0.32)",0.0
"[640, 680)","[-0.32, -0.16)",0.0
"[640, 680)","[-0.16, 0)",0.0
"[640, 680)","[0, 0.16)",0.0
"[640, 680)","[0.16, 0.32)",0.0
"[640, 680)","[0.32, 0.48)",0.0
"[640, 680)","[0.48, 0.64)",0.0
"[640, 680)","[0.64, 0.8)",0.0
"[640, 680)","[0.8, 0.96)",0.0
"[640, 680)","[0.96, 1.12)",0.0
"[640, 680)","[1.12, 1.28)",0.0
"[640, 680)","[1.28, 1.44)",0.0
"[640, 680)","[1.44, 1.6)",0.0
"[640, 680)","[1.6, 1.76)",0.0
"[640, 680)","[1.76, 1.92)",0.0
"[640, 680)","[1.92, 2.08)",0.0
"[640, 680)","[2.08, 2.24)",0.0
"[640, 680)","[2.24, 2.4)",0.0
"[640, 680)","[2.4, 2.56)",0.0
"[640, 680)","[2.56, 2.72)",0.0
"[640, 680)","[2.72, 2.88)",0.0
"[640, 680)","[2.88, 3.04)",0.0
"[640, 680)","[3.04, 3.2)",0.0
"[640, 680)","[3.2, 3.36)",0.0
"[640, 680)","[3.36, 3.52)",0.0
"[640, 680)","[3.52, 3.68)",0.0
"[640, 680)","[3.68, 3.84)",0.0
"[640, 680)","[3.84, 4)",0.0
"[680, 720)","[-4, -3.84)",0.0
"[680, 720)","[-3.84, -3.68)",0.0
"[680, 720)","[-3.68, -3.52)",0.0
"[680, 720)","[-3.52, -3.36)",0.0
"[680, 720)","[-3.36, -3.2)",0.0
"[680, 720)","[-3.2, -3.04)",0.0
"[680, 720)","[-3.04, -2.88)",0.0
"[680, 720)","[-2.88, -2.72)",0.0
"[680, 720)","[-2.72, -2.56)",0.0
"[680, 720)","[-2.56, -2.4)",0.0
"[680, 720)","[-2.4, -2.24)",0.0
"[680, 720)","[-2.24, -2.08)",0.0
"[680, 720)","[-2.08, -1.92)",0.0
"[680, 720)","[-1.92, -1.76)",0.0
"[680, 720)","[-1.76, -1.6)",0.0
"[680, 720)","[-1.6, -1.44)",0.0
"[680, 720)","[-1.44, -1.28)",0.0
"[680, 720)","[-1.28, -1.12)",0.0
"[680, 720)","[-1.12, -0.96)",0.0
"[680, 720)","[-0.96, -0.8)",0.0
"[680, 720)","[-0.8, -0.64)",0.0
"[680, 720)","[-0.64, -0.48)",0.0
"[680, 720)","[-0.48, -0.32)",0.0
"[680, 720)","[-0.32, -0.16)",0.0
"[680, 720)","[-0.16, 0)",0.0
"[680, 720)","[0, 0.16)",0.0
"[680, 720)","[0.16, 0.32)",0.0
"[680, 720)","[0.32, 0.48)",0.0
"[680, 720)","[0.48, 0.64)",0.0
"[680, 720)","[0.64, 0.8)",0.0
"[680, 720)","[0.8, 0.96)",0.0
"[680, 720)","[0.96, 1.12)",0.0
"[680, 720)","[1.12, 1.28)",0.0
"[680, 720)","[1.28, 1.44)",0.0
"[680, 720)","[1.44, 1.6)",0.0
"[680, 720)","[1.6, 1.76)",0.0
"[680, 720)","[1.76, 1.92)",0.0
"[680, 720)","[1.92, 2.08)",0.0
"[680, 720)","[2.08, 2.24)",0.0
"[680, 720)","[2.24, 2.4)",0.0
"[680, 720)","[2.4, 2.56)",0.0
"[680, 720)","[2.56, 2.72)",0.0
"[680, 720)","[2.72, 2.88)",0.0
"[680, 720)","[2.88, 3.04)",0.0
"[680, 720)","[3.04, 3.2)",0.0
"[680, 720)","[3.2, 3.36)",0.0
"[680, 720)","[3.36, 3.52)",0.0
"[680, 720)","[3.52, 3.68)",0.0
"[680, 720)","[3.68, 3.84)",0.0
"[680, 720)","[3.84, 4)",0.0
"[720, 760)","[-4, -3.84)",0.0
"[720, 760)","[-3.84, -3.68)",0.0
"[720, 760)","[-3.68, -3.52)",0.0
"[720, 760)","[-3.52, -3.36)",0.0
"[720, 760)","[-3.36, -3.2)",0.0
"[720, 760)","[-3.2, -3.04)",0.0
"[720, 760)","[-3.04, -2.88)",0.0
"[720, 760)","[-2.88, -2.72)",0.0
"[720, 760)","[-2.72, -2.56)",0.0
"[720, 760)","[-2.56, -2.4)",0.0
"[720, 760)","[-2.4, -2.24)",0.0
"[720, 760)","[-2.24, -2.08)",0.0
"[720, 760)","[-2.08, -1.92)",0.0
"[720, 760)","[-1.92, -1.76)",0.0
"[720, 760)","[-1.76, -1.6)",0.0
"[720, 760)","[-1.6, -1.44)",0.0
"[720, 760)","[-1.44, -1.28)",0.0
"[720, 760)","[-1.28, -1.12)",0.0
"[720, 760)","[-1.12, -0.96)",0.0
"[720, 760)","[-0.96, -0.8)",0.0
"[720, 760)","[-0.8, -0.64)",0.0
"[720, 760)","[-0.64, -0.48)",0.0
"[720, 760)","[-0.48, -0.32)",0.0
"[720, 760)","[-0.32, -0.16)",0.0
"[720, 760)","[-0.16, 0)",0.0
"[720, 760)","[0, 0.16)",0.0
"[720, 760)","[0.16, 0.32)",0.0
"[720, 760)","[0.32, 0.48)",0.0
"[720, 760)","[0.48, 0.64)",0.0
"[720, 760)","[0.64, 0.8)",0.0
"[720, 760)","[0.8, 0.96)",0.0
"[720, 760)","[0.96, 1.12)",0.0
"[720, 760)","[1.12, 1.28)",0.0
"[720, 760)","[1.28, 1.44)",0.0
"[720, 760)","[1.44, 1.6)",0.0
"[720, 760)","[1.6, 1.76)",0.0
"[720, 760)","[1.76, 1.92)",0.0
"[720, 760)","[1.92, 2.08)",0.0
"[720, 760)","[2.08, 2.24)",0.0
"[720, 760)","[2.24, 2.4)",0.0
"[720, 760)","[2.4, 2.56)",0.0
"[720, 760)","[2.56, 2.72)",0.0
"[720, 760)","[2.72, 2.88)",0.0
"[720, 760)","[2.88, 3.04)",0.0
"[720, 760)","[3.04, 3.2)",0.0
"[720, 760)","[3.2, 3.36)",0.0
"[720, 760)","[3.36, 3.52)",0.0
"[720, 760)","[3.52, 3.68)",0.0
"[720, 760)","[3.68, 3.84)",0.0
"[720, 760)","[3.84, 4)",0.0
"[760, 800)","[-4, -3.84)",0.0
"[760, 800)","[-3.84, -3.68)",0.0
"[760, 800)","[-3.68, -3.52)",0.0
"[760, 800)","[-3.52, -3.36)",0.0
"[760, 800)","[-3.36, -3.2)",0.0
"[760, 800)","[-3.2, -3.04)",0.0
"[760, 800)","[-3.04, -2.88)",0.0
"[760, 800)","[-2.88, -2.72)",0.0
"[760, 800)","[-2.72, -2.56)",0.0
"[760, 800)","[-2.56, -2.4)",0.0
"[760, 800)","[-2.4, -2.24)",0.0
"[760, 800)","[-2.24, -2.08)",0.0
"[760, 800)","[-2.08, -1.92)",0.0
"[760, 800)","[-1.92, -1.76)",0.0
"[760, 800)","[-1.76, -1.6)",0.0
"[760, 800)","[-1.6, -1.44)",0.0
"[760, 800)","[-1.44, -1.28)",0.0
"[760, 800)","[-1.28, -1.12)",0.0
"[760, 800)","[-1.12, -0.96)",0.0
"[760, 800)","[-0.96, -0.8)",0.0
"[760, 800)","[-0.8, -0.64)",0.0
"[760, 800)","[-0.64, -0.48)",0.0
"[760, 800)","[-0.48, -0.32)",0.0
"[760, 800)","[-0.32, -0.16)",0.0
"[760, 800)","[-0.16, 0)",0.0
"[760, 800)","[0, 0.16)",0.0
"[760, 800)","[0.16, 0.32)",0.0
"[760, 800)","[0.32, 0.48)",0.0
"[760, 800)","[0.48, 0.64)",0.0
"[760, 800)","[0.64, 0.8)",0.0
"[760, 800)","[0.8, 0.96)",0.0
"[760, 800)","[0.96, 1.12)",0.0
"[760, 800)","[1.12, 1.28)",0.0
"[760, 800)","[1.28, 1.44)",0.0
"[760, 800)","[1.44, 1.6)",0.0
"[760, 800)","[1.6, 1.76)",0.0
"[760, 800)","[1.76, 1.92)",0.0
"[760, 800)","[1.92, 2.08)",0.0
"[760, 800)","[2.08, 2.24)",0.0
"[760, 800)","[2.24, 2.4)",0.0
"[760, 800)","[2.4, 2.56)",0.0
"[760, 800)","[2.56, 2.72)",0.0
"[760, 800)","[2.72, 2.88)",0.0
"[760, 800)","[2.88, 3.04)",0.0
"[760, 800)","[3.04, 3.2)",0.0
"[760, 800)","[3.2, 3.36)",0.0
"[760, 800)","[3.36, 3.52)",0.0
"[760, 800)","[3.52, 3.68)",0.0
"[760, 800)","[3.68, 3.84)",0.0
"[760, 800)","[3.84, 4)",0.0
"[800, 840)","[-4, -3.84)",0.0
"[800, 840)","[-3.84, -3.68)",0.0
"[800, 840)","[-3.68, -3.52)",0.0
"[800, 840)","[-3.52, -3.36)",0.0
"[800, 840)","[-3.36, -3.2)",0.0
"[800, 840)","[-3.2, -3.04)",0.0
"[800, 840)","[-3.04, -2.88)",0.0
"[800, 840)","[-2.88, -2.72)",0.0
"[800, 840)","[-2.72, -2.56)",0.0
"[800, 840)","[-2.56, -2.4)",0.0
"[800, 840)","[-2.4, -2.24)",0.0
"[800, 840)","[-2.24, -2.08)",0.0
"[800, 840)","[-2.08, -1.92)",0.0
"[800, 840)","[-1.92, -1.76)",0.0
"[800, 840)","[-1.76, -1.6)",0.0
"[800, 840)","[-1.6, -1.44)",0.0
"[800, 840)","[-1.44, -1.28)",0.0
"[800, 840)","[-1.28, -1.12)",0.0
"[800, 840)","[-1.12, -0.96)",0.0
"[800, 840)","[-0.96, -0.8)",0.0
"[800, 840)","[-0.8, -0.64)",0.0
"[800, 840)","[-0.64, -0.48)",0.0
"[800, 840)","[-0.48, -0.32)",0.0
"[800, 840)","[-0.32, -0.16)",0.0
"[800, 840)","[-0.16, 0)",0.0
"[800, 840)","[0, 0.16)",0.0
"[800, 840)","[0.16, 0.32)",0.0
"[800, 840)","[0.32, 0.48)",0.0
"[800, 840)","[0.48, 0.64)",0.0
"[800, 840)","[0.64, 0.8)",0.0
"[800, 840)","[0.8, 0.96)",0.0
"[800, 840)","[0.96, 1.12)",0.0
"[800, 840)","[1.12, 1.28)",0.0
"[800, 840)","[1.28, 1.44)",0.0
"[800, 840)","[1.44, 1.6)",0.0
"[800, 840)","[1.6, 1.76)",0.0
"[800, 840)","[1.76, 1.92)",0.0
"[800, 840)","[1.92, 2.08)",0.0
"[800, 840)","[2.08, 2.24)",0.0
"[800, 840)","[2.24, 2.4)",0.0
"[800, 840)","[2.4, 2.56)",0.0
"[800, 840)","[2.56, 2.72)",0.0
"[800, 840)","[2.72, 2.88)",0.0
"[800, 840)","[2.88, 3.04)",0.0
"[800, 840)","[3.04, 3.2)",0.0
"[800, 840)","[3.2, 3.36)",0.0
"[800, 840)","[3.36, 3.52)",0.0
"[800, 840)","[3.52, 3.68)",0.0
"[800, 840)","[3.68, 3.84)",0.0
"[800, 840)","[3.84, 4)",0.0
"[840, 880)","[-4, -3.84)",0.0
"[840, 880)","[-3.84, -3.68)",0.0
"[840, 880)","[-3.68, -3.52)",0.0
"[840, 880)","[-3.52, -3.36)",0.0
"[840, 880)","[-3.36, -3.2)",0.0
"[840, 880)","[-3.2, -3.04)",0.0
"[840, 880)","[-3.04, -2.88)",0.0
"[840, 880)","[-2.88, -2.72)",0.0
"[840, 880)","[-2.72, -2.56)",0.0
"[840, 880)","[-2.56, -2.4)",0.0
"[840, 880)","[-2.4, -2.24)",0.0
"[840, 880)","[-2.24, -2.08)",0.0
"[840, 880)","[-2.08, -1.92)",0.0
"[840, 880)","[-1.92, -1.76)",0.0
"[840, 880)","[-1.76, -1.6)",0.0
"[840, 880)","[-1.6, -1.44)",0.0
"[840, 880)","[-1.44, -1.28)",0.0
"[840, 880)","[-1.28, -1.12)",0.0
"[840, 880)","[-1.12, -0.96)",0.0
"[840, 880)","[-0.96, -0.8)",0.0
"[840, 880)","[-0.8, -0.64)",0.0
"[840, 880)","[-0.64, -0.48)",0.0
"[840, 880)","[-0.48, -0.32)",0.0
"[840, 880)","[-0.32, -0.16)",0.0
"[840, 880)","[-0.16, 0)",0.0
"[840, 880)","[0, 0.16)",0.0
"[840, 880)","[0.16, 0.32)",0.0
"[840, 880)","[0.32, 0.48)",0.0
"[840, 880)","[0.48, 0.64)",0.0
"[840, 880)","[0.64, 0.8)",0.0
"[840, 880)","[0.8, 0.96)",0.0
"[840, 880)","[0.96, 1.12)",0.0
"[840, 880)","[1.12, 1.28)",0.0
"[840, 880)","[1.28, 1.44)",0.0
"[840, 880)","[1.44, 1.6)",0.0
"[840, 880)","[1.6, 1.76)",0.0
"[840, 880)","[1.76, 1.92)",0.0
"[840, 880)","[1.92, 2.08)",0.0
"[840, 880)","[2.08, 2.24)",0.0
"[840, 880)","[2.24, 2.4)",0.0
"[840, 880)","[2.4, 2.56)",0.0
"[840, 880)","[2.56, 2.72)",0.0
"[840, 880)","[2.72, 2.88)",0.0
"[840, 880)","[2.88, 3.04)",0.0
"[840, 880)","[3.04, 3.2)",0.0
"[840, 880)","[3.2, 3.36)",0.0
"[840, 880)","[3.36, 3.52)",0.0
"[840, 880)","[3.52, 3.68)",0.0
"[840, 880)","[3.68, 3.84)",0.0
"[840, 880)","[3.84, 4)",0.0
"[880, 920)","[-4, -3.84)",0.0
"[880, 920)","[-3.84, -3.68)",0.0
"[880, 920)","[-3.68, -3.52)",0.0
"[880, 920)","[-3.52, -3.36)",0.0
"[880, 920)","[-3.36, -3.2)",0.0
"[880, 920)","[-3.2, -3.04)",0.0
"[880, 920)","[-3.04, -2.88)",0.0
"[880, 920)","[-2.88, -2.72)",0.0
"[880, 920)","[-2.72, -2.56)",0.0
"[880, 920)","[-2.56, -2.4)",0.0
"[880, 920)","[-2.4, -2.24)",0.0
"[880, 920)","[-2.24, -2.08)",0.0
"[880, 920)","[-2.08, -1.92)",0.0
"[880, 920)","[-1.92, -1.76)",0.0
"[880, 920)","[-1.76, -1.6)",0.0
"[880, 920)","[-1.6, -1.44)",0.0
"[880, 920)","[-1.44, -1.28)",0.0
"[880, 920)","[-1.28, -1.12)",0.0
"[880, 920)","[-1.12, -0.96)",0.0
"[880, 920)","[-0.96, -0.8)",0.0
"[880, 920)","[-0.8, -0.64)",0.0
"[880, 920)","[-0.64, -0.48)",0.0
"[880, 920)","[-0.48, -0.32)",0.0
"[880, 920)","[-0.32, -0.16)",0.0
"[880, 920)","[-0.16, 0)",0.0
"[880, 920)","[0, 0.16)",0.0
"[880, 920)","[0.16, 0.32)",0.0
"[880, 920)","[0.32, 0.48)",0.0
"[880, 920)","[0.48, 0.64)",0.0
"[880, 920)","[0.64, 0.8)",0.0
"[880, 920)","[0.8, 0.96)",0.0
"[880, 920)","[0.96, 1.12)",0.0
"[880, 920)","[1.12, 1.28)",0.0
"[880, 920)","[1.28, 1.44)",0.0
"[880, 920)","[1.44, 1.6)",0.0
"[880, 920)","[1.6, 1.76)",0.0
"[880, 920)","[1.76, 1.92)",0.0
"[880, 920)","[1.92, 2.08)",0.0
"[880, 920)","[2.08, 2.24)",0.0
"[880, 920)","[2.24, 2.4)",0.0
"[880, 920)","[2.4, 2.56)",0.0
"[880, 920)","[2.56, 2.72)",0.0
"[880, 920)","[2.72, 2.88)",0.0
"[880, 920)","[2.88, 3.04)",0.0
"[880, 920)","[3.04, 3.2)",0.0
"[880, 920)","[3.2, 3.36)",0.0
"[880, 920)","[3.36, 3.52)",0.0
"[880, 920)","[3.52, 3.68)",0.0
"[880, 920)","[3.68, 3.84)",0.0
"[880, 920)","[3.84, 4)",0.0
"[920, 960)","[-4, -3.84)",0.0
"[920, 960)","[-3.84, -3.68)",0.0
"[920, 960)","[-3.68, -3.52)",0.0
"[920, 960)","[-3.52, -3.36)",0.0
"[920, 960)","[-3.36, -3.2)",0.0
"[920, 960)","[-3.2, -3.04)",0.0
"[920, 960)","[-3.04, -2.88)",0.0
"[920, 960)","[-2.88, -2.72)",0.0
"[920, 960)","[-2.72, -2.56)",0.0
"[920, 960)","[-2.56, -2.4)",0.0
"[920, 960)","[-2.4, -2.24)",0.0
"[920, 960)","[-2.24, -2.08)",0.0
"[920, 960)","[-2.08, -1.92)",0.0
"[920, 960)","[-1.92, -1.76)",0.0
"[920, 960)","[-1.76, -1.6)",0.0
"[920, 960)","[-1.6, -1.44)",0.0
"[920, 960)","[-1.44, -1.28)",0.0
"[920, 960)","[-1.28, -1.12)",0.0
"[920, 960)","[-1.12, -0.96)",0.0
"[920, 960)","[-0.96, -0.8)",0.0
"[920, 960)","[-0.8, -0.64)",0.0
"[920, 960)","[-0.64, -0.48)",0.0
"[920, 960)","[-0.48, -0.32)",0.0
"[920, 960)","[-0.32, -0.16)",0.0
"[920, 960)","[-0.16, 0)",0.0
"[920, 960)","[0, 0.16)",0.0
"[920, 960)","[0.16, 0.32)",0.0
"[920, 960)","[0.32, 0.48)",0.0
"[920, 960)","[0.48, 0.64)",0.0
"[920, 960)","[0.64, 0.8)",0.0
"[920, 960)","[0.8, 0.96)",0.0
"[920, 960)","[0.96, 1.12)",0.0
"[920, 960)","[1.12, 1.28)",0.0
"[920, 960)","[1.28, 1.44)",0.0
"[920, 960)","[1.44, 1.6)",0.0
"[920, 960)","[1.6, 1.76)",0.0
"[920, 960)","[1.76, 1.92)",0.0
"[920, 960)","[1.92, 2.08)",0.0
"[920, 960)","[2.08, 2.24)",0.0
"[920, 960)","[2.24, 2.4)",0.0
"[920, 960)","[2.4, 2.56)",0.0
"[920, 960)","[2.56, 2.72)",0.0
"[920, 960)","[2.72, 2.88)",0.0
"[920, 960)","[2.88, 3.04)",0.0
"[920, 960)","[3.04, 3.2)",0.0
"[920, 960)","[3.2, 3.36)",0.0
"[920, 960)","[3.36, 3.52)",0.0
"[920, 960)","[3.52, 3.68)",0.0
"[920, 960)","[3.68, 3.84)",0.0
"[920, 960)","[3.84, 4)",0.0
"[960, 1000)","[-4, -3.84)",0.0
"[960, 1000)","[-3.84, -3.68)",0.0
"[960, 1000)","[-3.68, -3.52)",0.0
"[960, 1000)","[-3.52, -3.36)",0.0
"[960, 1000)","[-3.36, -3.2)",0.0
"[960, 1000)","[-3.2, -3.04)",0.0
"[960, 1000)","[-3.04, -2.88)",0.0
"[960, 1000)","[-2.88, -2.72)",0.0
"[960, 1000)","[-2.72, -2.56)",0.0
"[960, 1000)","[-2.56, -2.4)",0.0
"[960, 1000)","[-2.4, -2.24)",0.0
"[960, 1000)","[-2.24, -2.08)",0.0
"[960, 1000)","[-2.08, -1.92)",0.0
"[960, 1000)","[-1.92, -1.76)",0.0
"[960, 1000)","[-1.76, -1.6)",0.0
"[960, 1000)","[-1.6, -1.44)",0.0
"[960, 1000)","[-1.44, -1.28)",0.0
"[960, 1000)","[-1.28, -1.12)",0.0
"[960, 1000)","[-1.12, -0.96)",0.0
"[960, 1000)","[-0.96, -0.8)",0.0
"[960, 1000)","[-0.8, -0.64)",0.0
"[960, 1000)","[-0.64, -0.48)",0.0
"[960, 1000)","[-0.48, -0.32)",0.0
"[960, 1000)","[-0.32, -0.16)",0.0
"[960, 1000)","[-0.16, 0)",0.0
"[960, 1000)","[0, 0.16)",0.0
"[960, 1000)","[0.16, 0.32)",0.0
"[960, 1000)","[0.32, 0.48)",0.0
"[960, 1000)","[0.48, 0.64)",0.0
"[960, 1000)","[0.64, 0.8)",0.0
"[960, 1000)","[0.8, 0.96)",0.0
"[960, 1000)","[0.96, 1.12)",0.0
"[960, 1000)","[1.12, 1.28)",0.0
"[960, 1000)","[1.28, 1.44)",0.0
"[960, 1000)","[1.44, 1.6)",0.0
"[960, 1000)","[1.6, 1.76)",0.0
"[960, 1000)","[1.76, 1.92)",0.0
"[960, 1000)","[1.92, 2.08)",0.0
"[960, 1000)","[2.08, 2.24)",0.0
"[960, 1000)","[2.24, 2.4)",0.0
"[960, 1000)","[2.4, 2.56)",0.0
"[960, 1000)","[2.56, 2.72)",0.0
"[960, 1000)","[2.72, 2.88)",0.0
"[960, 1000)","[2.88, 3.04)",0.0
"[960, 1000)","[3.04, 3.2)",0.0
"[960, 1000)","[3.2, 3.36)",0.0
"[960, 1000)","[3.36, 3.52)",0.0
"[960, 1000)","[3.52, 3.68)",0.0
"[960, 1000)","[3.68, 3.84)",0.0
"[960, 1000)","[3.84, 4)",0.0
"[1000, 1040)","[-4, -3.84)",0.0
"[1000, 1040)","[-3.84, -3.68)",0.0
"[1000, 1040)","[-3.68, -3.52)",0.0
"[1000, 1040)","[-3.52, -3.36)",0.0
"[1000, 1040)","[-3.36, -3.2)",0.0
"[1000, 1040)","[-3.2, -3.04)",0.0
"[1000, 1040)","[-3.04, -2.88)",0.0
"[1000, 1040)","[-2.88, -2.72)",0.0
"[1000, 1040)","[-2.72, -2.56)",0.0
"[1000, 1040)","[-2.56, -2.4)",0.0
"[1000, 1040)","[-2.4, -2.24)",0.0
"[1000, 1040)","[-2.24, -2.08)",0.0
"[1000, 1040)","[-2.08, -1.92)",0.0
"[1000, 1040)","[-1.92, -1.76)",0.0
"[1000, 1040)","[-1.76, -1.6)",0.0
"[1000, 1040)","[-1.6, -1.44)",0.0
"[1000, 1040)","[-1.44, -1.28)",0.0
"[1000, 1040)","[-1.28, -1.12)",0.0
"[1000, 1040)","[-1.12, -0.96)",0.0
"[1000, 1040)","[-0.96, -0.8)",0.0
"[1000, 1040)","[-0.8, -0.64)",0.0
"[1000, 1040)","[-0.64, -0.48)",0.0
"[1000, 1040)","[-0.48, -0.32)",0.0
"[1000, 1040)","[-0.32, -0.16)",0.0
"[1000, 1040)","[-0.16, 0)",0.0
"[1000, 1040)","[0, 0.16)",0.0
"[1000, 1040)","[0.16, 0.32)",0.0
"[1000, 1040)","[0.32, 0.48)",0.0
"[1000, 1040)","[0.48, 0.64)",0.0
"[1000, 1040)","[0.64, 0.8)",0.0
"[1000, 1040)","[0.8, 0.96)",0.0
"[1000, 1040)","[0.96, 1.12)",0.0
"[1000, 1040)","[1.12, 1.28)",0.0
"[1000, 1040)","[1.28, 1.44)",0.0
"[1000, 1040)","[1.44, 1.6)",0.0
"[1000, 1040)","[1.6, 1.76)",0.0
"[1000, 1040)","[1.76, 1.92)",0.0
"[1000, 1040)","[1.92, 2.08)",0.0
"[1000, 1040)","[2.08, 2.24)",0.0
"[1000, 1040)","[2.24, 2.4)",0.0
"[1000, 1040)","[2.4, 2.56)",0.0
"[1000, 1040)","[2.56, 2.72)",0.0
"[1000, 1040)","[2.72, 2.88)",0.0
"[1000, 1040)","[2.88, 3.04)",0.0
"[1000, 1040)","[3.04, 3.2)",0.0
"[1000, 1040)","[3.2, 3.36)",0.0
"[1000, 1040)","[3.36, 3.52)",0.0
"[1000, 1040)","[3.52, 3.68)",0.0
"[1000, 1040)","[3.68, 3.84)",0.0
"[1000, 1040)","[3.84, 4)",0.0
"[1040, 1080)","[-4, -3.84)",0.0
"[1040, 1080)","[-3.84, -3.68)",0.0
"[1040, 1080)","[-3.68, -3.52)",0.0
"[1040, 1080)","[-3.52, -3.36)",0.0
"[1040, 1080)","[-3.36, -3.2)",0.0
"[1040, 1080)","[-3.2, -3.04)",0.0
"[1040, 1080)","[-3.04, -2.88)",0.0
"[1040, 1080)","[-2.88, -2.72)",0.0
"[1040, 1080)","[-2.72, -2.56)",0.0
"[1040, 1080)","[-2.56, -2.4)",0.0
"[1040, 1080)","[-2.4, -2.24)",0.0
"[1040, 1080)","[-2.24, -2.08)",0.0
"[1040, 1080)","[-2.08, -1.92)",0.0
"[1040, 1080)","[-1.92, -1.76)",0.0
"[1040, 1080)","[-1.76, -1.6)",0.0
"[1040, 1080)","[-1.6, -1.44)",0.0
"[1040, 1080)","[-1.44, -1.28)",0.0
"[1040, 1080)","[-1.28, -1.12)",0.0
"[1040, 1080)","[-1.12, -0.96)",0.0
"[1040, 1080)","[-0.96, -0.8)",0.0
"[1040, 1080)","[-0.8, -0.64)",0.0
"[1040, 1080)","[-0.64, -0.48)",0.0
"[1040, 1080)","[-0.48, -0.32)",0.0
"[1040, 1080)","[-0.32, -0.16)",0.0
"[1040, 1080)","[-0.16, 0)",0.0
"[1040, 1080)","[0, 0.16)",0.0
"[1040, 1080)","[0.16, 0.32)",0.0
"[1040, 1080)","[0.32, 0.48)",0.0
"[1040, 1080)","[0.48, 0.64)",0.0
"[1040, 1080)","[0.64, 0.8)",0.0
"[1040, 1080)","[0.8, 0.96)",0.0
"[1040, 1080)","[0.96, 1.12)",0.0
"[1040, 1080)","[1.12, 1.28)",0.0
"[1040, 1080)","[1.28, 1.44)",0.0
"[1040, 1080)","[1.44, 1.6)",0.0
"[1040, 1080)","[1.6, 1.76)",0.0
"[1040, 1080)","[1.76, 1.92)",0.0
"[1040, 1080)","[1.92, 2.08)",0.0
"[1040, 1080)","[2.08, 2.24)",0.0
"[1040, 1080)","[2.24, 2.4)",0.0
"[1040, 1080)","[2.4, 2.56)",0.0
"[1040, 1080)","[2.56, 2.72)",0.0
"[1040, 1080)","[2.72, 2.88)",0.0
"[1040, 1080)","[2.88, 3.04)",0.0
"[1040, 1080)","[3.04, 3.2)",0.0
"[1040, 1080)","[3.2, 3.36)",0.0
"[1040, 1080)","[3.36, 3.52)",0.0
"[1040, 1080)","[3.52, 3.68)",0.0
"[1040, 1080)","[3.68, 3.84)",0.0
"[1040, 1080)","[3.84, 4)",0.0
"[1080, 1120)","[-4, -3.84)",0.0
"[1080, 1120)","[-3.84, -3.68)",0.0
"[1080, 1120)","[-3.68, -3.52)",0.0
"[1080, 1120)","[-3.52, -3.36)",0.0
"[1080, 1120)","[-3.36, -3.2)",0.0
"[1080, 1120)","[-3.2, -3.04)",0.0
"[1080, 1120)","[-3.04, -2.88)",0.0
"[1080, 1120)","[-2.88, -2.72)",0.0
"[1080, 1120)","[-2.72, -2.56)",0.0
"[1080, 1120)","[-2.56, -2.4)",0.0
"[1080, 1120)","[-2.4, -2.24)",0.0
"[1080, 1120)","[-2.24, -2.08)",0.0
"[1080, 1120)","[-2.08, -1.92)",0.0
"[1080, 1120)","[-1.92, -1.76)",0.0
"[1080, 1120)","[-1.76, -1.6)",0.0
"[1080, 1120)","[-1.6, -1.44)",0.0
"[1080, 1120)","[-1.44, -1.28)",0.0
"[1080, 1120)","[-1.28, -1.12)",0.0
"[1080, 1120)","[-1.12, -0.96)",0.0
"[1080, 1120)","[-0.96, -0.8)",0.0
"[1080, 1120)","[-0.8, -0.64)",0.0
"[1080, 1120)","[-0.64, -0.48)",0.0
"[1080, 1120)","[-0.48, -0.32)",0.0
"[1080, 1120)","[-0.32, -0.16)",0.0
"[1080, 1120)","[-0.16, 0)",0.0
"[1080, 1120)","[0, 0.16)",0.0
"[1080, 1120)","[0.16, 0.32)",0.0
"[1080, 1120)","[0.32, 0.48)",0.0
"[1080, 1120)","[0.48, 0.64)",0.0
"[1080, 1120)","[0.64, 0.8)",0.0
"[1080, 1120)","[0.8, 0.96)",0.0
"[1080, 1120)","[0.96, 1.12)",0.0
"[1080, 1120)","[1.12, 1.28)",0.0
"[1080, 1120)","[1.28, 1.44)",0.0
"[1080, 1120)","[1.44, 1.6)",0.0
"[1080, 1120)","[1.6, 1.76)",0.0
"[1080, 1120)","[1.76, 1.92)",0.0
"[1080, 1120)","[1.92, 2.08)",0.0
"[1080, 1120)","[2.08, 2.24)",0.0
"[1080, 1120)","[2.24, 2.4)",0.0
"[1080, 1120)","[2.4, 2.56)",0.0
"[1080, 1120)","[2.56, 2.72)",0.0
"[1080, 1120)","[2.72, 2.88)",0.0
"[1080, 1120)","[2.88, 3.04)",0.0
"[1080, 1120)","[3.04, 3.2)",0.0
"[1080, 1120)","[3.2, 3.36)",0.0
"[1080, 1120)","[3.36, 3.52)",0.0
"[1080, 1120)","[3.52, 3.68)",0.0
"[1080, 1120)","[3.68, 3.84)",0.0
"[1080, 1120)","[3.84, 4)",0.0
"[1120, 1160)","[-4, -3.84)",0.0
"[1120, 1160)","[-3.84, -3.68)",0.0
"[1120, 1160)","[-3.68, -3.52)",0.0
"[1120, 1160)","[-3.52, -3.36)",0.0
"[1120, 1160)","[-3.36, -3.2)",0.0
"[1120, 1160)","[-3.2, -3.04)",0.0
"[1120, 1160)","[-3.04, -2.88)",0.0
"[1120, 1160)","[-2.88, -2.72)",0.0
"[1120, 1160)","[-2.72, -2.56)",0.0
"[1120, 1160)","[-2.56, -2.4)",0.0
"[1120, 1160)","[-2.4, -2.24)",0.0
"[1120, 1160)","[-2.24, -2.08)",0.0
"[1120, 1160)","[-2.08, -1.92)",0.0
"[1120, 1160)","[-1.92, -1.76)",0.0
"[1120, 1160)","[-1.76, -1.6)",0.0
"[1120, 1160)","[-1.6, -1.44)",0.0
"[1120, 1160)","[-1.44, -1.28)",0.0
"[1120, 1160)","[-1.28, -1.12)",0.0
"[1120, 1160)","[-1.12, -0.96)",0.0
"[1120, 1160)","[-0.96, -0.8)",0.0
"[1120, 1160)","[-0.8, -0.64)",0.0
"[1120, 1160)","[-0.64, -0.48)",0.0
"[1120, 1160)","[-0.48, -0.32)",0.0
"[1120, 1160)","[-0.32, -0.16)",0.0
"[1120, 1160)","[-0.16, 0)",0.0
"[1120, 1160)","[0, 0.16)",0.0
"[1120, 1160)","[0.16, 0.32)",0.0
"[1120, 1160)","[0.32, 0.48)",0.0
"[1120, 1160)","[0.48, 0.64)",0.0
"[1120, 1160)","[0.64, 0.8)",0.0
"[1120, 1160)","[0.8, 0.96)",0.0
"[1120, 1160)","[0.96, 1.12)",0.0
"[1120, 1160)","[1.12, 1.28)",0.0
"[1120, 1160)","[1.28, 1.44)",0.0
"[1120, 1160)","[1.44, 1.6)",0.0
"[1120, 1160)","[1.6, 1.76)",0.0
"[1120, 1160)","[1.76, 1.92)",0.0
"[1120, 1160)","[1.92, 2.08)",0.0
"[1120, 1160)","[2.08, 2.24)",0.0
"[1120, 1160)","[2.24, 2.4)",0.0
"[1120, 1160)","[2.4, 2.56)",0.0
"[1120, 1160)","[2.56, 2.72)",0.0
"[1120, 1160)","[2.72, 2.88)",0.0
"[1120, 1160)","[2.88, 3.04)",0.0
"[1120, 1160)","[3.04, 3.2)",0.0
"[1120, 1160)","[3.2, 3.36)",0.0
"[1120, 1160)","[3.36, 3.52)",0.0
"[1120, 1160)","[3.52, 3.68)",0.0
"[1120, 1160)","[3.68, 3.84)",0.0
"[1120, 1160)","[3.84, 4)",0.0
"[1160, 1200)","[-4, -3.84)",0.0
"[1160, 1200)","[-3.84, -3.68)",0.0
"[1160, 1200)","[-3.68, -3.52)",0.0
"[1160, 1200)","[-3.52, -3.36)",0.0
"[1160, 1200)","[-3.36, -3.2)",0.0
"[1160, 1200)","[-3.2, -3.04)",0.0
"[1160, 1200)","[-3.04, -2.88)",0.0
"[1160, 1200)","[-2.88, -2.72)",0.0
"[1160, 1200)","[-2.72, -2.56)",0.0
"[1160, 1200)","[-2.56, -2.4)",0.0
"[1160, 1200)","[-2.4, -2.24)",0.0
"[1160, 1200)","[-2.24, -2.08)",0.0
"[1160, 1200)","[-2.08, -1.92)",0.0
"[1160, 1200)","[-1.92, -1.76)",0.0
"[1160, 1200)","[-1.76, -1.6)",0.0
"[1160, 1200)","[-1.6, -1.44)",0.0
"[1160, 1200)","[-1.44, -1.28)",0.0
"[1160, 1200)","[-1.28, -1.12)",0.0
"[1160, 1200)","[-1.12, -0.96)",0.0
"[1160, 1200)","[-0.96, -0.8)",0.0
"[1160, 1200)","[-0.8, -0.64)",0.0
"[1160, 1200)","[-0.64, -0.48)",0.0
"[1160, 1200)","[-0.48, -0.32)",0.0
"[1160, 1200)","[-0.32, -0.16)",0.0
"[1160, 1200)","[-0.16, 0)",0.0
"[1160, 1200)","[0, 0.16)",0.0
"[1160, 1200)","[0.16, 0.32)",0.0
"[1160, 1200)","[0.32, 0.48)",0.0
"[1160, 1200)","[0.48, 0.64)",0.0
"[1160, 1200)","[0.64, 0.8)",0.0
"[1160, 1200)","[0.8, 0.96)",0.0
"[1160, 1200)","[0.96, 1.12)",0.0
"[1160, 1200)","[1.12, 1.28)",0.0
"[1160, 1200)","[1.28, 1.44)",0.0
"[1160, 1200)","[1.44, 1.6)",0.0
"[1160, 1200)","[1.6, 1.76)",0.0
"[1160, 1200)","[1.76, 1.92)",0.0
"[1160, 1200)","[1.92, 2.08)",0.0
"[1160, 1200)","[2.08, 2.24)",0.0
"[1160, 1200)","[2.24, 2.4)",0.0
"[1160, 1200)","[2.4, 2.56)",0.0
"[1160, 1200)","[2.56, 2.72)",0.0
"[1160, 1200)","[2.72, 2.88)",0.0
"[1160, 1200)","[2.88, 3.04)",0.0
"[1160, 1200)","[3.04, 3.2)",0.0
"[1160, 1200)","[3.2, 3.36)",0.0
"[1160, 1200)","[3.36, 3.52)",0.0
"[1160, 1200)","[3.52, 3.68)",0.0
"[1160, 1200)","[3.68, 3.84)",0.0
"[1160, 1200)","[3.84, 4)",0.0
"[1200, 1240)","[-4, -3.84)",0.0
"[1200, 1240)","[-3.84, -3.68)",0.0
"[1200, 1240)","[-3.68, -3.52)",0.0
"[1200, 1240)","[-3.52, -3.36)",0.0
"[1200, 1240)","[-3.36, -3.2)",0.0
"[1200, 1240)","[-3.2, -3.04)",0.0
"[1200, 1240)","[-3.04, -2.88)",0.0
"[1200, 1240)","[-2.88, -2.72)",0.0
"[1200, 1240)","[-2.72, -2.56)",0.0
"[1200, 1240)","[-2.56, -2.4)",0.0
"[1200, 1240)","[-2.4, -2.24)",0.0
"[1200, 1240)","[-2.24, -2.08)",0.0
"[1200, 1240)","[-2.08, -1.92)",0.0
"[1200, 1240)","[-1.92, -1.76)",0.0
"[1200, 1240)","[-1.76, -1.6)",0.0
"[1200, 1240)","[-1.6, -1.44)",0.0
"[1200, 1240)","[-1.44, -1.28)",0.0
"[1200, 1240)","[-1.28, -1.12)",0.0
"[1200, 1240)","[-1.12, -0.96)",0.0
"[1200, 1240)","[-0.96, -0.8)",0.0
"[1200, 1240)","[-0.8, -0.64)",0.0
"[1200, 1240)","[-0.64, -0.48)",0.0
"[1200, 1240)","[-0.48, -0.32)",0.0
"[1200, 1240)","[-0.32, -0.16)",0.0
"[1200, 1240)","[-0.16, 0)",0.0
"[1200, 1240)","[0, 0.16)",0.0
"[1200, 1240)","[0.16, 0.32)",0.0
"[1200, 1240)","[0.32, 0.48)",0.0
"[1200, 1240)","[0.48, 0.64)",0.0
"[1200, 1240)","[0.64, 0.8)",0.0
"[1200, 1240)","[0.8, 0.96)",0.0
"[1200, 1240)","[0.96, 1.12)",0.0
"[1200, 1240)","[1.12, 1.28)",0.0
"[1200, 1240)","[1.28, 1.44)",0.0
"[1200, 1240)","[1.44, 1.6)",0.0
"[1200, 1240)","[1.6, 1.76)",0.0
"[1200, 1240)","[1.76, 1.92)",0.0
"[1200, 1240)","[1.92, 2.08)",0.0
"[1200, 1240)","[2.08, 2.24)",0.0
"[1200, 1240)","[2.24, 2.4)",0.0
"[1200, 1240)","[2.4, 2.56)",0.0
"[1200, 1240)","[2.56, 2.72)",0.0
"[1200, 1240)","[2.72, 2.88)",0.0
"[1200, 1240)","[2.88, 3.04)",0.0
"[1200, 1240)","[3.04, 3.2)",0.0
"[1200, 1240)","[3.2, 3.36)",0.0
"[1200, 1240)","[3.36, 3.52)",0.0
"[1200, 1240)","[3.52, 3.68)",0.0
"[1200, 1240)","[3.68, 3.84)",0.0
"[1200, 1240)","[3.84, 4)",0.0
"[1240, 1280)","[-4, -3.84)",0.0
"[1240, 1280)","[-3.84, -3.68)",0.0
"[1240, 1280)","[-3.68, -3.52)",0.0
"[1240, 1280)","[-3.52, -3.36)",0.0
"[1240, 1280)","[-3.36, -3.2)",0.0
"[1240, 1280)","[-3.2, -3.04)",0.0
"[1240, 1280)","[-3.04, -2.88)",0.0
"[1240, 1280)","[-2.88, -2.72)",0.0
"[1240, 1280)","[-2.72, -2.56)",0.0
"[1240, 1280)","[-2.56, -2.4)",0.0
"[1240, 1280)","[-2.4, -2.24)",0.0
"[1240, 1280)","[-2.24, -2.08)",0.0
"[1240, 1280)","[-2.08, -1.92)",0.0
"[1240, 1280)","[-1.92, -1.76)",0.0
"[1240, 1280)","[-1.76, -1.6)",0.0
"[1240, 1280)","[-1.6, -1.44)",0.0
"[1240, 1280)","[-1.44, -1.28)",0.0
"[1240, 1280)","[-1.28, -1.12)",0.0
"[1240, 1280)","[-1.12, -0.96)",0.0
"[1240, 1280)","[-0.96, -0.8)",0.0
"[1240, 1280)","[-0.8, -0.64)",0.0
"[1240, 1280)","[-0.64, -0.48)",0.0
"[1240, 1280)","[-0.48, -0.32)",0.0
"[1240, 1280)","[-0.32, -0.16)",0.0
"[1240, 1280)","[-0.16, 0)",0.0
"[1240, 1280)","[0, 0.16)",0.0
"[1240, 1280)","[0.16, 0.32)",0.0
"[1240, 1280)","[0.32, 0.48)",0.0
"[1240, 1280)","[0.48, 0.64)",0.0
"[1240, 1280)","[0.64, 0.8)",0.0
"[1240, 1280)","[0.8, 0.96)",0.0
"[1240, 1280)","[0.96, 1.12)",0.0
"[1240, 1280)","[1.12, 1.28)",0.0
"[1240, 1280)","[1.28, 1.44)",0.0
"[1240, 1280)","[1.44, 1.6)",0.0
"[1240, 1280)","[1.6, 1.76)",0.0
"[1240, 1280)","[1.76, 1.92)",0.0
"[1240, 1280)","[1.92, 2.08)",0.0
"[1240, 1280)","[2.08, 2.24)",0.0
"[1240, 1280)","[2.24, 2.4)",0.0
"[1240, 1280)","[2.4, 2.56)",0.0
"[1240, 1280)","[2.56, 2.72)",0.0
"[1240, 1280)","[2.72, 2.88)",0.0
"[1240, 1280)","[2.88, 3.04)",0.0
"[1240, 1280)","[3.04, 3.2)",0.0
"[1240, 1280)","[3.2, 3.36)",0.0
"[1240, 1280)","[3.36, 3.52)",0.0
"[1240, 1280)","[3.52, 3.68)",0.0
"[1240, 1280)","[3.68, 3.84)",0.0
"[1240, 1280)","[3.84, 4)",0.0
"[1280, 1320)","[-4, -3.84)",0.0
"[1280, 1320)","[-3.84, -3.68)",0.0
"[1280, 1320)","[-3.68, -3.52)",0.0
"[1280, 1320)","[-3.52, -3.36)",0.0
"[1280, 1320)","[-3.36, -3.2)",0.0
"[1280, 1320)","[-3.2, -3.04)",0.0
"[1280, 1320)","[-3.04, -2.88)",0.0
"[1280, 1320)","[-2.88, -2.72)",0.0
"[1280, 1320)","[-2.72, -2.56)",0.0
"[1280, 1320)","[-2.56, -2.4)",0.0
"[1280, 1320)","[-2.4, -2.24)",0.0
"[1280, 1320)","[-2.24, -2.08)",0.0
"[1280, 1320)","[-2.08, -1.92)",0.0
"[1280, 1320)","[-1.92, -1.76)",0.0
"[1280, 1320)","[-1.76, -1.6)",0.0
"[1280, 1320)","[-1.6, -1.44)",0.0
"[1280, 1320)","[-1.44, -1.28)",0.0
"[1280, 1320)","[-1.28, -1.12)",0.0
"[1280, 1320)","[-1.12, -0.96)",0.0
"[1280, 1320)","[-0.96, -0.8)",0.0
"[1280, 1320)","[-0.8, -0.64)",0.0
"[1280, 1320)","[-0.64, -0.48)",0.0
"[1280, 1320)","[-0.48, -0.32)",0.0
"[1280, 1320)","[-0.32, -0.16)",0.0
"[1280, 1320)","[-0.16, 0)",0.0
"[1280, 1320)","[0, 0.16)",0.0
"[1280, 1320)","[0.16, 0.32)",0.0
"[1280, 1320)","[0.32, 0.48)",0.0
"[1280, 1320)","[0.48, 0.64)",0.0
"[1280, 1320)","[0.64, 0.8)",0.0
"[1280, 1320)","[0.8, 0.96)",0.0
"[1280, 1320)","[0.96, 1.12)",0.0
"[1280, 1320)","[1.12, 1.28)",0.0
"[1280, 1320)","[1.28, 1.44)",0.0
"[1280, 1320)","[1.44, 1.6)",0.0
"[1280, 1320)","[1.6, 1.76)",0.0
"[1280, 1320)","[1.76, 1.92)",0.0
"[1280, 1320)","[1.92, 2.08)",0.0
"[1280, 1320)","[2.08, 2.24)",0.0
"[1280, 1320)","[2.24, 2.4)",0.0
"[1280, 1320)","[2.4, 2.56)",0.0
"[1280, 1320)","[2.56, 2.72)",0.0
"[1280, 1320)","[2.72, 2.88)",0.0
"[1280, 1320)","[2.88, 3.04)",0.0
"[1280, 1320)","[3.04, 3.2)",0.0
"[1280, 1320)","[3.2, 3.36)",0.0
"[1280, 1320)","[3.36, 3.52)",0.0
"[1280, 1320)","[3.52, 3.68)",0.0
"[1280, 1320)","[3.68, 3.84)",0.0
"[1280, 1320)","[3.84, 4)",0.0
"[1320, 1360)","[-4, -3.84)",0.0
"[1320, 1360)","[-3.84, -3.68)",0.0
"[1320, 1360)","[-3.68, -3.52)",0.0
"[1320, 1360)","[-3.52, -3.36)",0.0
"[1320, 1360)","[-3.36, -3.2)",0.0
"[1320, 1360)","[-3.2, -3.04)",0.0
"[1320, 1360)","[-3.04, -2.88)",0.0
"[1320, 1360)","[-2.88, -2.72)",0.0
"[1320, 1360)","[-2.72, -2.56)",0.0
"[1320, 1360)","[-2.56, -2.4)",0.0
"[1320, 1360)","[-2.4, -2.24)",0.0
"[1320, 1360)","[-2.24, -2.08)",0.0
"[1320, 1360)","[-2.08, -1.92)",0.0
"[1320, 1360)","[-1.92, -1.76)",0.0
"[1320, 1360)","[-1.76, -1.6)",0.0
"[1320, 1360)","[-1.6, -1.44)",0.0
"[1320, 1360)","[-1.44, -1.28)",0.0
"[1320, 1360)","[-1.28, -1.12)",0.0
"[1320, 1360)","[-1.12, -0.96)",0.0
"[1320, 1360)","[-0.96, -0.8)",0.0
"[1320, 1360)","[-0.8, -0.64)",0.0
"[1320, 1360)","[-0.64, -0.48)",0.0
"[1320, 1360)","[-0.48, -0.32)",0.0
"[1320, 1360)","[-0.32, -0.16)",0.0
"[1320, 1360)","[-0.16, 0)",0.0
"[1320, 1360)","[0, 0.16)",0.0
"[1320, 1360)","[0.16, 0.32)",0.0
"[1320, 1360)","[0.32, 0.48)",0.0
"[1320, 1360)","[0.48, 0.64)",0.0
"[1320, 1360)","[0.64, 0.8)",0.0
"[1320, 1360)","[0.8, 0.96)",0.0
"[1320, 1360)","[0.96, 1.12)",0.0
"[1320, 1360)","[1.12, 1.28)",0.0
"[1320, 1360)","[1.28, 1.44)",0.0
"[1320, 1360)","[1.44, 1.6)",0.0
"[1320, 1360)","[1.6, 1.76)",0.0
"[1320, 1360)","[1.76, 1.92)",0.0
"[1320, 1360)","[1.92, 2.08)",0.0
"[1320, 1360)","[2.08, 2.24)",0.0
"[1320, 1360)","[2.24, 2.4)",0.0
"[1320, 1360)","[2.4, 2.56)",0.0
"[1320, 1360)","[2.56, 2.72)",0.0
"[1320, 1360)","[2.72, 2.88)",0.0
"[1320, 1360)","[2.88, 3.04)",0.0
"[1320, 1360)","[3.04, 3.2)",0.0
"[1320, 1360)","[3.2, 3.36)",0.0
"[1320, 1360)","[3.36, 3.52)",0.0
"[1320, 1360)","[3.52, 3.68)",0.0
"[1320, 1360)","[3.68, 3.84)",0.0
"[1320, 1360)","[3.84, 4)",0.0
"[1360, 1400)","[-4, -3.84)",0.0
"[1360, 1400)","[-3.84, -3.68)",0.0
"[1360, 1400)","[-3.68, -3.52)",0.0
"[1360, 1400)","[-3.52, -3.36)",0.0
"[1360, 1400)","[-3.36, -3.2)",0.0
"[1360, 1400)","[-3.2, -3.04)",0.0
"[1360, 1400)","[-3.04, -2.88)",0.0
"[1360, 1400)","[-2.88, -2.72)",0.0
"[1360, 1400)","[-2.72, -2.56)",0.0
"[1360, 1400)","[-2.56, -2.4)",0.0
"[1360, 1400)","[-2.4, -2.24)",0.0
"[1360, 1400)","[-2.24, -2.08)",0.0
"[1360, 1400)","[-2.08, -1.92)",0.0
"[1360, 1400)","[-1.92, -1.76)",0.0
"[1360, 1400)","[-1.76, -1.6)",0.0
"[1360, 1400)","[-1.6, -1.44)",0.0
"[1360, 1400)","[-1.44, -1.28)",0.0
"[1360, 1400)","[-1.28, -1.12)",0.0
"[1360, 1400)","[-1.12, -0.96)",0.0
"[1360, 1400)","[-0.96, -0.8)",0.0
"[1360, 1400)","[-0.8, -0.64)",0.0
"[1360, 1400)","[-0.64, -0.48)",0.0
"[1360, 1400)","[-0.48, -0.32)",0.0
"[1360, 1400)","[-0.32, -0.16)",0.0
"[1360, 1400)","[-0.16, 0)",0.0
"[1360, 1400)","[0, 0.16)",0.0
"[1360, 1400)","[0.16, 0.32)",0.0
"[1360, 1400)","[0.32, 0.48)",0.0
"[1360, 1400)","[0.48, 0.64)",0.0
"[1360, 1400)","[0.64, 0.8)",0.0
"[1360, 1400)","[0.8, 0.96)",0.0
"[1360, 1400)","[0.96, 1.12)",0.0
"[1360, 1400)","[1.12, 1.28)",0.0
"[1360, 1400)","[1.28, 1.44)",0.0
"[1360, 1400)","[1.44, 1.6)",0.0
"[1360, 1400)","[1.6, 1.76)",0.0
"[1360, 1400)","[1.76, 1.92)",0.0
"[1360, 1400)","[1.92, 2.08)",0.0
"[1360, 1400)","[2.08, 2.24)",0.0
"[1360, 1400)","[2.24, 2.4)",0.0
"[1360, 1400)","[2.4, 2.56)",0.0
"[1360, 1400)","[2.56, 2.72)",0.0
"[1360, 1400)","[2.72, 2.88)",0.0
"[1360, 1400)","[2.88, 3.04)",0.0
"[1360, 1400)","[3.04, 3.2)",0.0
"[1360, 1400)","[3.2, 3.36)",0.0
"[1360, 1400)","[3.36, 3.52)",0.0
"[1360, 1400)","[3.52, 3.68)",0.0
"[1360, 1400)","[3.68, 3.84)",0.0
"[1360, 1400)","[3.84, 4)",0.0
"[1400, 1440)","[-4, -3.84)",0.0
"[1400, 1440)","[-3.84, -3.68)",0.0
"[1400, 1440)","[-3.68, -3.52)",0.0
"[1400, 1440)","[-3.52, -3.36)",0.0
"[1400, 1440)","[-3.36, -3.2)",0.0
"[1400, 1440)","[-3.2, -3.04)",0.0
"[1400, 1440)","[-3.04, -2.88)",0.0
"[1400, 1440)","[-2.88, -2.72)",0.0
"[1400, 1440)","[-2.72, -2.56)",0.0
"[1400, 1440)","[-2.56, -2.4)",0.0
"[1400, 1440)","[-2.4, -2.24)",0.0
"[1400, 1440)","[-2.24, -2.08)",0.0
"[1400, 1440)","[-2.08, -1.92)",0.0
"[1400, 1440)","[-1.92, -1.76)",0.0
"[1400, 1440)","[-1.76, -1.6)",0.0
"[1400, 1440)","[-1.6, -1.44)",0.0
"[1400, 1440)","[-1.44, -1.28)",0.0
"[1400, 1440)","[-1.28, -1.12)",0.0
"[1400, 1440)","[-1.12, -0.96)",0.0
"[1400, 1440)","[-0.96, -0.8)",0.0
"[1400, 1440)","[-0.8, -0.64)",0.0
"[1400, 1440)","[-0.64, -0.48)",0.0
"[1400, 1440)","[-0.48, -0.32)",0.0
"[1400, 1440)","[-0.32, -0.16)",0.0
"[1400, 1440)","[-0.16, 0)",0.0
"[1400, 1440)","[0, 0.16)",0.0
"[1400, 1440)","[0.16, 0.32)",0.0
"[1400, 1440)","[0.32, 0.48)",0.0
"[1400, 1440)","[0.48, 0.64)",0.0
"[1400, 1440)","[0.64, 0.8)",0.0
"[1400, 1440)","[0.8, 0.96)",0.0
"[1400, 1440)","[0.96, 1.12)",0.0
"[1400, 1440)","[1.12, 1.28)",0.0
"[1400, 1440)","[1.28, 1.44)",0.0
"[1400, 1440)","[1.44, 1.6)",0.0
"[1400, 1440)","[1.6, 1.76)",0.0
"[1400, 1440)","[1.76, 1.92)",0.0
"[1400, 1440)","[1.92, 2.08)",0.0
"[1400, 1440)","[2.08, 2.24)",0.0
"[1400, 1440)","[2.24, 2.4)",0.0
"[1400, 1440)","[2.4, 2.56)",0.0
"[1400, 1440)","[2.56, 2.72)",0.0
"[1400, 1440)","[2.72, 2.88)",0.0
"[1400, 1440)","[2.88, 3.04)",0.0
"[1400, 1440)","[3.04, 3.2)",0.0
"[1400, 1440)","[3.2, 3.36)",0.0
"[1400, 1440)","[3.36, 3.52)",0.0
"[1400, 1440)","[3.52, 3.68)",0.0
"[1400, 1440)","[3.68, 3.84)",0.0
"[1400, 1440)","[3.84, 4)",0.0
"[1440, 1480)","[-4, -3.84)",0.0
"[1440, 1480)","[-3.84, -3.68)",0.0
"[1440, 1480)","[-3.68, -3.52)",0.0
"[1440, 1480)","[-3.52, -3.36)",0.0
"[1440, 1480)","[-3.36, -3.2)",0.0
"[1440, 1480)","[-3.2, -3.04)",0.0
"[1440, 1480)","[-3.04, -2.88)",0.0
"[1440, 1480)","[-2.88, -2.72)",0.0
"[1440, 1480)","[-2.72, -2.56)",0.0
"[1440, 1480)","[-2.56, -2.4)",0.0
"[1440, 1480)","[-2.4, -2.24)",0.0
"[1440, 1480)","[-2.24, -2.08)",0.0
"[1440, 1480)","[-2.08, -1.92)",0.0
"[1440, 1480)","[-1.92, -1.76)",0.0
"[1440, 1480)","[-1.76, -1.6)",0.0
"[1440, 1480)","[-1.6, -1.44)",0.0
"[1440, 1480)","[-1.44, -1.28)",0.0
"[1440, 1480)","[-1.28, -1.12)",0.0
"[1440, 1480)","[-1.12, -0.96)",0.0
"[1440, 1480)","[-0.96, -0.8)",0.0
"[1440, 1480)","[-0.8, -0.64)",0.0
"[1440, 1480)","[-0.64, -0.48)",0.0
"[1440, 1480)","[-0.48, -0.32)",0.0
"[1440, 1480)","[-0.32, -0.16)",0.0
"[1440, 1480)","[-0.16, 0)",0.0
"[1440, 1480)","[0, 0.16)",0.0
"[1440, 1480)","[0.16, 0.32)",0.0
"[1440, 1480)","[0.32, 0.48)",0.0
"[1440, 1480)","[0.48, 0.64)",0.0
"[1440, 1480)","[0.64, 0.8)",0.0
"[1440, 1480)","[0.8, 0.96)",0.0
"[1440, 1480)","[0.96, 1.12)",0.0
"[1440, 1480)","[1.12, 1.28)",0.0
"[1440, 1480)","[1.28, 1.44)",0.0
"[1440, 1480)","[1.44, 1.6)",0.0
"[1440, 1480)","[1.6, 1.76)",0.0
"[1440, 1480)","[1.76, 1.92)",0.0
"[1440, 1480)","[1.92, 2.08)",0.0
"[1440, 1480)","[2.08, 2.24)",0.0
"[1440, 1480)","[2.24, 2.4)",0.0
"[1440, 1480)","[2.4, 2.56)",0.0
"[1440, 1480)","[2.56, 2.72)",0.0
"[1440, 1480)","[2.72, 2.88)",0.0
"[1440, 1480)","[2.88, 3.04)",0.0
"[1440, 1480)","[3.04, 3.2)",0.0
"[1440, 1480)","[3.2, 3.36)",0.0
"[1440, 1480)","[3.36, 3.52)",0.0
"[1440, 1480)","[3.52, 3.68)",0.0
"[1440, 1480)","[3.68, 3.84)",0.0
"[1440, 1480)","[3.84, 4)",0.0
"[1480, 1520)","[-4, -3.84)",0.0
"[1480, 1520)","[-3.84, -3.68)",0.0
"[1480, 1520)","[-3.68, -3.52)",0.0
"[1480, 1520)","[-3.52, -3.36)",0.0
"[1480, 1520)","[-3.36, -3.2)",0.0
"[1480, 1520)","[-3.2, -3.04)",0.0
"[1480, 1520)","[-3.04, -2.88)",0.0
"[1480, 1520)","[-2.88, -2.72)",0.0
"[1480, 1520)","[-2.72, -2.56)",0.0
"[1480, 1520)","[-2.56, -2.4)",0.0
"[1480, 1520)","[-2.4, -2.24)",0.0
"[1480, 1520)","[-2.24, -2.08)",0.0
"[1480, 1520)","[-2.08, -1.92)",0.0
"[1480, 1520)","[-1.92, -1.76)",0.0
"[1480, 1520)","[-1.76, -1.6)",0.0
"[1480, 1520)","[-1.6, -1.44)",0.0
"[1480, 1520)","[-1.44, -1.28)",0.0
"[1480, 1520)","[-1.28, -1.12)",0.0
"[1480, 1520)","[-1.12, -0.96)",0.0
"[1480, 1520)","[-0.96, -0.8)",0.0
"[1480, 1520)","[-0.8, -0.64)",0.0
"[1480, 1520)","[-0.64, -0.48)",0.0
"[1480, 1520)","[-0.48, -0.32)",0.0
"[1480, 1520)","[-0.32, -0.16)",0.0
"[1480, 1520)","[-0.16, 0)",0.0
"[1480, 1520)","[0, 0.16)",0.0
"[1480, 1520)","[0.16, 0.32)",0.0
"[1480, 1520)","[0.32, 0.48)",0.0
"[1480, 1520)","[0.48, 0.64)",0.0
"[1480, 1520)","[0.64, 0.8)",0.0
"[1480, 1520)","[0.8, 0.96)",0.0
"[1480, 1520)","[0.96, 1.12)",0.0
"[1480, 1520)","[1.12, 1.28)",0.0
"[1480, 1520)","[1.28, 1.44)",0.0
"[1480, 1520)","[1.44, 1.6)",0.0
"[1480, 1520)","[1.6, 1.76)",0.0
"[1480, 1520)","[1.76, 1.92)",0.0
"[1480, 1520)","[1.92, 2.08)",0.0
"[1480, 1520)","[2.08, 2.24)",0.0
"[1480, 1520)","[2.24, 2.4)",0.0
"[1480, 1520)","[2.4, 2.56)",0.0
"[1480, 1520)","[2.56, 2.72)",0.0
"[1480, 1520)","[2.72, 2.88)",0.0
"[1480, 1520)","[2.88, 3.04)",0.0
"[1480, 1520)","[3.04, 3.2)",0.0
"[1480, 1520)","[3.2, 3.36)",0.0
"[1480, 1520)","[3.36, 3.52)",0.0
"[1480, 1520)","[3.52, 3.68)",0.0
"[1480, 1520)","[3.68, 3.84)",0.0
"[1480, 1520)","[3.84, 4)",0.0
"[1520, 1560)","[-4, -3.84)",0.0
"[1520, 1560)","[-3.84, -3.68)",0.0
"[1520, 1560)","[-3.68, -3.52)",0.0
"[1520, 1560)","[-3.52, -3.36)",0.0
"[1520, 1560)","[-3.36, -3.2)",0.0
"[1520, 1560)","[-3.2, -3.04)",0.0
"[1520, 1560)","[-3.04, -2.88)",0.0
"[1520, 1560)","[-2.88, -2.72)",0.0
"[1520, 1560)","[-2.72, -2.56)",0.0
"[1520, 1560)","[-2.56, -2.4)",0.0
"[1520, 1560)","[-2.4, -2.24)",0.0
"[1520, 1560)","[-2.24, -2.08)",0.0
"[1520, 1560)","[-2.08, -1.92)",0.0
"[1520, 1560)","[-1.92, -1.76)",0.0
"[1520, 1560)","[-1.76, -1.6)",0.0
"[1520, 1560)","[-1.6, -1.44)",0.0
"[1520, 1560)","[-1.44, -1.28)",0.0
"[1520, 1560)","[-1.28, -1.12)",0.0
"[1520, 1560)","[-1.12, -0.96)",0.0
"[1520, 1560)","[-0.96, -0.8)",0.0
"[1520, 1560)","[-0.8, -0.64)",0.0
"[1520, 1560)","[-0.64, -0.48)",0.0
"[1520, 1560)","[-0.48, -0.32)",0.0
"[1520, 1560)","[-0.32, -0.16)",0.0
"[1520, 1560)","[-0.16, 0)",0.0
"[1520, 1560)","[0, 0.16)",0.0
"[1520, 1560)","[0.16, 0.32)",0.0
"[1520, 1560)","[0.32, 0.48)",0.0
"[1520, 1560)","[0.48, 0.64)",0.0
"[1520, 1560)","[0.64, 0.8)",0.0
"[1520, 1560)","[0.8, 0.96)",0.0
"[1520, 1560)","[0.96, 1.12)",0.0
"[1520, 1560)","[1.12, 1.28)",0.0
"[1520, 1560)","[1.28, 1.44)",0.0
"[1520, 1560)","[1.44, 1.6)",0.0
"[1520, 1560)","[1.6, 1.76)",0.0
"[1520, 1560)","[1.76, 1.92)",0.0
"[1520, 1560)","[1.92, 2.08)",0.0
"[1520, 1560)","[2.08, 2.24)",0.0
"[1520, 1560)","[2.24, 2.4)",0.0
"[1520, 1560)","[2.4, 2.56)",0.0
"[1520, 1560)","[2.56, 2.72)",0.0
"[1520, 1560)","[2.72, 2.88)",0.0
"[1520, 1560)","[2.88, 3.04)",0.0
"[1520, 1560)","[3.04, 3.2)",0.0
"[1520, 1560)","[3.2, 3.36)",0.0
"[1520, 1560)","[3.36, 3.52)",0.0
"[1520, 1560)","[3.52, 3.68)",0.0
"[1520, 1560)","[3.68, 3.84)",0.0
"[1520, 1560)","[3.84, 4)",0.0
"[1560, 1600)","[-4, -3.84)",0.0
"[1560, 1600)","[-3.84, -3.68)",0.0
"[1560, 1600)","[-3.68, -3.52)",0.0
"[1560, 1600)","[-3.52, -3.36)",0.0
"[1560, 1600)","[-3.36, -3.2)",0.0
"[1560, 1600)","[-3.2, -3.04)",0.0
"[1560, 1600)","[-3.04, -2.88)",0.0
"[1560, 1600)","[-2.88, -2.72)",0.0
"[1560, 1600)","[-2.72, -2.56)",0.0
"[1560, 1600)","[-2.56, -2.4)",0.0
"[1560, 1600)","[-2.4, -2.24)",0.0
"[1560, 1600)","[-2.24, -2.08)",0.0
"[1560, 1600)","[-2.08, -1.92)",0.0
"[1560, 1600)","[-1.92, -1.76)",0.0
"[1560, 1600)","[-1.76, -1.6)",0.0
"[1560, 1600)","[-1.6, -1.44)",0.0
"[1560, 1600)","[-1.44, -1.28)",0.0
"[1560, 1600)","[-1.28, -1.12)",0.0
"[1560, 1600)","[-1.12, -0.96)",0.0
"[1560, 1600)","[-0.96, -0.8)",0.0
"[1560, 1600)","[-0.8, -0.64)",0.0
"[1560, 1600)","[-0.64, -0.48)",0.0
"[1560, 1600)","[-0.48, -0.32)",0.0
"[1560, 1600)","[-0.32, -0.16)",0.0
"[1560, 1600)","[-0.16, 0)",0.0
"[1560, 1600)","[0, 0.16)",0.0
"[1560, 1600)","[0.16, 0.32)",0.0
"[1560, 1600)","[0.32, 0.48)",0.0
"[1560, 1600)","[0.48, 0.64)",0.0
"[1560, 1600)","[0.64, 0.8)",0.0
"[1560, 1600)","[0.8, 0.96)",0.0
"[1560, 1600)","[0.96, 1.12)",0.0
"[1560, 1600)","[1.12, 1.28)",0.0
"[1560, 1600)","[1.28, 1.44)",0.0
"[1560, 1600)","[1.44, 1.6)",0.0
"[1560, 1600)","[1.6, 1.76)",0.0
"[1560, 1600)","[1.76, 1.92)",0.0
"[1560, 1600)","[1.92, 2.08)",0.0
"[1560, 1600)","[2.08, 2.24)",0.0
"[1560, 1600)","[2.24, 2.4)",0.0
"[1560, 1600)","[2.4, 2.56)",0.0
"[1560, 1600)","[2.56, 2.72)",0.0
"[1560, 1600)","[2.72, 2.88)",0.0
"[1560, 1600)","[2.88, 3.04)",0.0
"[1560, 1600)","[3.04, 3.2)",0.0
"[1560, 1600)","[3.2, 3.36)",0.0
"[1560, 1600)","[3.36, 3.52)",0.0
"[1560, 1600)","[3.52, 3.68)",0.0
"[1560, 1600)","[3.68, 3.84)",0.0
"[1560, 1600)","[3.84, 4)",0.0
"[1600, 1640)","[-4, -3.84)",0.0
"[1600, 1640)","[-3.84, -3.68)",0.0
"[1600, 1640)","[-3.68, -3.52)",0.0
"[1600, 1640)","[-3.52, -3.36)",0.0
"[1600, 1640)","[-3.36, -3.2)",0.0
"[1600, 1640)","[-3.2, -3.04)",0.0
"[1600, 1640)","[-3.04, -2.88)",0.0
"[1600, 1640)","[-2.88, -2.72)",0.0
"[1600, 1640)","[-2.72, -2.56)",0.0
"[1600, 1640)","[-2.56, -2.4)",0.0
"[1600, 1640)","[-2.4, -2.24)",0.0
"[1600, 1640)","[-2.24, -2.08)",0.0
"[1600, 1640)","[-2.08, -1.92)",0.0
"[1600, 1640)","[-1.92, -1.76)",0.0
"[1600, 1640)","[-1.76, -1.6)",0.0
"[1600, 1640)","[-1.6, -1.44)",0.0
"[1600, 1640)","[-1.44, -1.28)",0.0
"[1600, 1640)","[-1.28, -1.12)",0.0
"[1600, 1640)","[-1.12, -0.96)",0.0
"[1600, 1640)","[-0.96, -0.8)",0.0
"[1600, 1640)","[-0.8, -0.64)",0.0
"[1600, 1640)","[-0.64, -0.48)",0.0
"[1600, 1640)","[-0.48, -0.32)",0.0
"[1600, 1640)","[-0.32, -0.16)",0.0
"[1600, 1640)","[-0.16, 0)",0.0
"[1600, 1640)","[0, 0.16)",0.0
"[1600, 1640)","[0.16, 0.32)",0.0
"[1600, 1640)","[0.32, 0.48)",0.0
"[1600, 1640)","[0.48, 0.64)",0.0
"[1600, 1640)","[0.64, 0.8)",0.0
"[1600, 1640)","[0.8, 0.96)",0.0
"[1600, 1640)","[0.96, 1.12)",0.0
"[1600, 1640)","[1.12, 1.28)",0.0
"[1600, 1640)","[1.28, 1.44)",0.0
"[1600, 1640)","[1.44, 1.6)",0.0
"[1600, 1640)","[1.6, 1.76)",0.0
"[1600, 1640)","[1.76, 1.92)",0.0
"[1600, 1640)","[1.92, 2.08)",0.0
"[1600, 1640)","[2.08, 2.24)",0.0
"[1600, 1640)","[2.24, 2.4)",0.0
"[1600, 1640)","[2.4, 2.56)",0.0
"[1600, 1640)","[2.56, 2.72)",0.0
"[1600, 1640)","[2.72, 2.88)",0.0
"[1600, 1640)","[2.88, 3.04)",0.0
"[1600, 1640)","[3.04, 3.2)",0.0
"[1600, 1640)","[3.2, 3.36)",0.0
"[1600, 1640)","[3.36, 3.52)",0.0
"[1600, 1640)","[3.52, 3.68)",0.0
"[1600, 1640)","[3.68, 3.84)",0.0
"[1600, 1640)","[3.84, 4)",0.0
"[1640, 1680)","[-4, -3.84)",0.0
"[1640, 1680)","[-3.84, -3.68)",0.0
"[1640, 1680)","[-3.68, -3.52)",0.0
"[1640, 1680)","[-3.52, -3.36)",0.0
"[1640, 1680)","[-3.36, -3.2)",0.0
"[1640, 1680)","[-3.2, -3.04)",0.0
"[1640, 1680)","[-3.04, -2.88)",0.0
"[1640, 1680)","[-2.88, -2.72)",0.0
"[1640, 1680)","[-2.72, -2.56)",0.0
"[1640, 1680)","[-2.56, -2.4)",0.0
"[1640, 1680)","[-2.4, -2.24)",0.0
"[1640, 1680)","[-2.24, -2.08)",0.0
"[1640, 1680)","[-2.08, -1.92)",0.0
"[1640, 1680)","[-1.92, -1.76)",0.0
"[1640, 1680)","[-1.76, -1.6)",0.0
"[1640, 1680)","[-1.6, -1.44)",0.0
"[1640, 1680)","[-1.44, -1.28)",0.0
"[1640, 1680)","[-1.28, -1.12)",0.0
"[1640, 1680)","[-1.12, -0.96)",0.0
"[1640, 1680)","[-0.96, -0.8)",0.0
"[1640, 1680)","[-0.8, -0.64)",0.0
"[1640, 1680)","[-0.64, -0.48)",0.0
"[1640, 1680)","[-0.48, -0.32)",0.0
"[1640, 1680)","[-0.32, -0.16)",0.0
"[1640, 1680)","[-0.16, 0)",0.0
"[1640, 1680)","[0, 0.16)",0.0
"[1640, 1680)","[0.16, 0.32)",0.0
"[1640, 1680)","[0.32, 0.48)",0.0
"[1640, 1680)","[0.48, 0.64)",0.0
"[1640, 1680)","[0.64, 0.8)",0.0
"[1640, 1680)","[0.8, 0.96)",0.0
"[1640, 1680)","[0.96, 1.12)",0.0
"[1640, 1680)","[1.12, 1.28)",0.0
"[1640, 1680)","[1.28, 1.44)",0.0
"[1640, 1680)","[1.44, 1.6)",0.0
"[1640, 1680)","[1.6, 1.76)",0.0
"[1640, 1680)","[1.76, 1.92)",0.0
"[1640, 1680)","[1.92, 2.08)",0.0
"[1640, 1680)","[2.08, 2.24)",0.0
"[1640, 1680)","[2.24, 2.4)",0.0
"[1640, 1680)","[2.4, 2.56)",0.0
"[1640, 1680)","[2.56, 2.72)",0.0
"[1640, 1680)","[2.72, 2.88)",0.0
"[1640, 1680)","[2.88, 3.04)",0.0
"[1640, 1680)","[3.04, 3.2)",0.0
"[1640, 1680)","[3.2, 3.36)",0.0
"[1640, 1680)","[3.36, 3.52)",0.0
"[1640, 1680)","[3.52, 3.68)",0.0
"[1640, 1680)","[3.68, 3.84)",0.0
"[1640, 1680)","[3.84, 4)",0.0
"[1680, 1720)","[-4, -3.84)",0.0
"[1680, 1720)","[-3.84, -3.68)",0.0
"[1680, 1720)","[-3.68, -3.52)",0.0
"[1680, 1720)","[-3.52, -3.36)",0.0
"[1680, 1720)","[-3.36, -3.2)",0.0
"[1680, 1720)","[-3.2, -3.04)",0.0
"[1680, 1720)","[-3.04, -2.88)",0.0
"[1680, 1720)","[-2.88, -2.72)",0.0
"[1680, 1720)","[-2.72, -2.56)",0.0
"[1680, 1720)","[-2.56, -2.4)",0.0
"[1680, 1720)","[-2.4, -2.24)",0.0
"[1680, 1720)","[-2.24, -2.08)",0.0
"[1680, 1720)","[-2.08, -1.92)",0.0
"[1680, 1720)","[-1.92, -1.76)",0.0
"[1680, 1720)","[-1.76, -1.6)",0.0
"[1680, 1720)","[-1.6, -1.44)",0.0
"[1680, 1720)","[-1.44, -1.28)",0.0
"[1680, 1720)","[-1.28, -1.12)",0.0
"[1680, 1720)","[-1.12, -0.96)",0.0
"[1680, 1720)","[-0.96, -0.8)",0.0
"[1680, 1720)","[-0.8, -0.64)",0.0
"[1680, 1720)","[-0.64, -0.48)",0.0
"[1680, 1720)","[-0.48, -0.32)",0.0
"[1680, 1720)","[-0.32, -0.16)",0.0
"[1680, 1720)","[-0.16, 0)",0.0
"[1680, 1720)","[0, 0.16)",0.0
"[1680, 1720)","[0.16, 0.32)",0.0
"[1680, 1720)","[0.32, 0.48)",0.0
"[1680, 1720)","[0.48, 0.64)",0.0
"[1680, 1720)","[0.64, 0.8)",0.0
"[1680, 1720)","[0.8, 0.96)",0.0
"[1680, 1720)","[0.96, 1.12)",0.0
"[1680, 1720)","[1.12, 1.28)",0.0
"[1680, 1720)","[1.28, 1.44)",0.0
"[1680, 1720)","[1.44, 1.6)",0.0
"[1680, 1720)","[1.6, 1.76)",0.0
"[1680, 1720)","[1.76, 1.92)",0.0
"[1680, 1720)","[1.92, 2.08)",0.0
"[1680, 1720)","[2.08, 2.24)",0.0
"[1680, 1720)","[2.24, 2.4)",0.0
"[1680, 1720)","[2.4, 2.56)",0.0
"[1680, 1720)","[2.56, 2.72)",0.0
"[1680, 1720)","[2.72, 2.88)",0.0
"[1680, 1720)","[2.88, 3.04)",0.0
"[1680, 1720)","[3.04, 3.2)",0.0
"[1680, 1720)","[3.2, 3.36)",0.0
"[1680, 1720)","[3.36, 3.52)",0.0
"[1680, 1720)","[3.52, 3.68)",0.0
"[1680, 1720)","[3.68, 3.84)",0.0
"[1680, 1720)","[3.84, 4)",0.0
"[1720, 1760)","[-4, -3.84)",0.0
"[1720, 1760)","[-3.84, -3.68)",0.0
"[1720, 1760)","[-3.68, -3.52)",0.0
"[1720, 1760)","[-3.52, -3.36)",0.0
"[1720, 1760)","[-3.36, -3.2)",0.0
"[1720, 1760)","[-3.2, -3.04)",0.0
"[1720, 1760)","[-3.04, -2.88)",0.0
"[1720, 1760)","[-2.88, -2.72)",0.0
"[1720, 1760)","[-2.72, -2.56)",0.0
"[1720, 1760)","[-2.56, -2.4)",0.0
"[1720, 1760)","[-2.4, -2.24)",0.0
"[1720, 1760)","[-2.24, -2.08)",0.0
"[1720, 1760)","[-2.08, -1.92)",0.0
"[1720, 1760)","[-1.92, -1.76)",0.0
"[1720, 1760)","[-1.76, -1.6)",0.0
"[1720, 1760)","[-1.6, -1.44)",0.0
"[1720, 1760)","[-1.44, -1.28)",0.0
"[1720, 1760)","[-1.28, -1.12)",0.0
"[1720, 1760)","[-1.12, -0.96)",0.0
"[1720, 1760)","[-0.96, -0.8)",0.0
"[1720, 1760)","[-0.8, -0.64)",0.0
"[1720, 1760)","[-0.64, -0.48)",0.0
"[1720, 1760)","[-0.48, -0.32)",0.0
"[1720, 1760)","[-0.32, -0.16)",0.0
"[1720, 1760)","[-0.16, 0)",0.0
"[1720, 1760)","[0, 0.16)",0.0
"[1720, 1760)","[0.16, 0.32)",0.0
"[1720, 1760)","[0.32, 0.48)",0.0
"[1720, 1760)","[0.48, 0.64)",0.0
"[1720, 1760)","[0.64, 0.8)",0.0
"[1720, 1760)","[0.8, 0.96)",0.0
"[1720, 1760)","[0.96, 1.12)",0.0
"[1720, 1760)","[1.12, 1.28)",0.0
"[1720, 1760)","[1.28, 1.44)",0.0
"[1720, 1760)","[1.44, 1.6)",0.0
"[1720, 1760)","[1.6, 1.76)",0.0
"[1720, 1760)","[1.76, 1.92)",0.0
"[1720, 1760)","[1.92, 2.08)",0.0
"[1720, 1760)","[2.08, 2.24)",0.0
"[1720, 1760)","[2.24, 2.4)",0.0
"[1720, 1760)","[2.4, 2.56)",0.0
"[1720, 1760)","[2.56, 2.72)",0.0
"[1720, 1760)","[2.72, 2.88)",0.0
"[1720, 1760)","[2.88, 3.04)",0.0
"[1720, 1760)","[3.04, 3.2)",0.0
"[1720, 1760)","[3.2, 3.36)",0.0
"[1720, 1760)","[3.36, 3.52)",0.0
"[1720, 1760)","[3.52, 3.68)",0.0
"[1720, 1760)","[3.68, 3.84)",0.0
"[1720, 1760)","[3.84, 4)",0.0
"[1760, 1800)","[-4, -3.84)",0.0
"[1760, 1800)","[-3.84, -3.68)",0.0
"[1760, 1800)","[-3.68, -3.52)",0.0
"[1760, 1800)","[-3.52, -3.36)",0.0
"[1760, 1800)","[-3.36, -3.2)",0.0
"[1760, 1800)","[-3.2, -3.04)",0.0
"[1760, 1800)","[-3.04, -2.88)",0.0
"[1760, 1800)","[-2.88, -2.72)",0.0
"[1760, 1800)","[-2.72, -2.56)",0.0
"[1760, 1800)","[-2.56, -2.4)",0.0
"[1760, 1800)","[-2.4, -2.24)",0.0
"[1760, 1800)","[-2.24, -2.08)",0.0
"[1760, 1800)","[-2.08, -1.92)",0.0
"[1760, 1800)","[-1.92, -1.76)",0.0
"[1760, 1800)","[-1.76, -1.6)",0.0
"[1760, 1800)","[-1.6, -1.44)",0.0
"[1760, 1800)","[-1.44, -1.28)",0.0
"[1760, 1800)","[-1.28, -1.12)",0.0
"[1760, 1800)","[-1.12, -0.96)",0.0
"[1760, 1800)","[-0.96, -0.8)",0.0
"[1760, 1800)","[-0.8, -0.64)",0.0
"[1760, 1800)","[-0.64, -0.48)",0.0
"[1760, 1800)","[-0.48, -0.32)",0.0
"[1760, 1800)","[-0.32, -0.16)",0.0
"[1760, 1800)","[-0.16, 0)",0.0
"[1760, 1800)","[0, 0.16)",0.0
"[1760, 1800)","[0.16, 0.32)",0.0
"[1760, 1800)","[0.32, 0.48)",0.0
"[1760, 1800)","[0.48, 0.64)",0.0
"[1760, 1800)","[0.64, 0.8)",0.0
"[1760, 1800)","[0.8, 0.96)",0.0
"[1760, 1800)","[0.96, 1.12)",0.0
"[1760, 1800)","[1.12, 1.28)",0.0
"[1760, 1800)","[1.28, 1.44)",0.0
"[1760, 1800)","[1.44, 1.6)",0.0
"[1760, 1800)","[1.6, 1.76)",0.0
"[1760, 1800)","[1.76, 1.92)",0.0
"[1760, 1800)","[1.92, 2.08)",0.0
"[1760, 1800)","[2.08, 2.24)",0.0
"[1760, 1800)","[2.24, 2.4)",0.0
"[1760, 1800)","[2.4, 2.56)",0.0
"[1760, 1800)","[2.56, 2.72)",0.0
"[1760, 1800)","[2.72, 2.88)",0.0
"[1760, 1800)","[2.88, 3.04)",0.0
"[1760, 1800)","[3.04, 3.2)",0.0
"[1760, 1800)","[3.2, 3.36)",0.0
"[1760, 1800)","[3.36, 3.52)",0.0
"[1760, 1800)","[3.52, 3.68)",0.0
"[1760, 1800)","[3.68, 3.84)",0.0
"[1760, 1800)","[3.84, 4)",0.0
"[1800, 1840)","[-4, -3.84)",0.0
"[1800, 1840)","[-3.84, -3.68)",0.0
"[1800, 1840)","[-3.68, -3.52)",0.0
"[1800, 1840)","[-3.52, -3.36)",0.0
"[1800, 1840)","[-3.36, -3.2)",0.0
"[1800, 1840)","[-3.2, -3.04)",0.0
"[1800, 1840)","[-3.04, -2.88)",0.0
"[1800, 1840)","[-2.88, -2.72)",0.0
"[1800, 1840)","[-2.72, -2.56)",0.0
"[1800, 1840)","[-2.56, -2.4)",0.0
"[1800, 1840)","[-2.4, -2.24)",0.0
"[1800, 1840)","[-2.24, -2.08)",0.0
"[1800, 1840)","[-2.08, -1.92)",0.0
"[1800, 1840)","[-1.92, -1.76)",0.0
"[1800, 1840)","[-1.76, -1.6)",0.0
"[1800, 1840)","[-1.6, -1.44)",0.0
"[1800, 1840)","[-1.44, -1.28)",0.0
"[1800, 1840)","[-1.28, -1.12)",0.0
"[1800, 1840)","[-1.12, -0.96)",0.0
"[1800, 1840)","[-0.96, -0.8)",0.0
"[1800, 1840)","[-0.8, -0.64)",0.0
"[1800, 1840)","[-0.64, -0.48)",0.0
"[1800, 1840)","[-0.48, -0.32)",0.0
"[1800, 1840)","[-0.32, -0.16)",0.0
"[1800, 1840)","[-0.16, 0)",0.0
"[1800, 1840)","[0, 0.16)",0.0
"[1800, 1840)","[0.16, 0.32)",0.0
"[1800, 1840)","[0.32, 0.48)",0.0
"[1800, 1840)","[0.48, 0.64)",0.0
"[1800, 1840)","[0.64, 0.8)",0.0
"[1800, 1840)","[0.8, 0.96)",0.0
"[1800, 1840)","[0.96, 1.12)",0.0
"[1800, 1840)","[1.12, 1.28)",0.0
"[1800, 1840)","[1.28, 1.44)",0.0
"[1800, 1840)","[1.44, 1.6)",0.0
"[1800, 1840)","[1.6, 1.76)",0.0
"[1800, 1840)","[1.76, 1.92)",0.0
"[1800, 1840)","[1.92, 2.08)",0.0
"[1800, 1840)","[2.08, 2.24)",0.0
"[1800, 1840)","[2.24, 2.4)",0.0
"[1800, 1840)","[2.4, 2.56)",0.0
"[1800, 1840)","[2.56, 2.72)",0.0
"[1800, 1840)","[2.72, 2.88)",0.0
"[1800, 1840)","[2.88, 3.04)",0.0
"[1800, 1840)","[3.04, 3.2)",0.0
"[1800, 1840)","[3.2, 3.36)",0.0
"[1800, 1840)","[3.36, 3.52)",0.0
"[1800, 1840)","[3.52, 3.68)",0.0
"[1800, 1840)","[3.68, 3.84)",0.0
"[1800, 1840)","[3.84, 4)",0.0
"[1840, 1880)","[-4, -3.84)",0.0
"[1840, 1880)","[-3.84, -3.68)",0.0
"[1840, 1880)","[-3.68, -3.52)",0.0
"[1840, 1880)","[-3.52, -3.36)",0.0
"[1840, 1880)","[-3.36, -3.2)",0.0
"[1840, 1880)","[-3.2, -3.04)",0.0
"[1840, 1880)","[-3.04, -2.88)",0.0
"[1840, 1880)","[-2.88, -2.72)",0.0
"[1840, 1880)","[-2.72, -2.56)",0.0
"[1840, 1880)","[-2.56, -2.4)",0.0
"[1840, 1880)","[-2.4, -2.24)",0.0
"[1840, 1880)","[-2.24, -2.08)",0.0
"[1840, 1880)","[-2.08, -1.92)",0.0
"[1840, 1880)","[-1.92, -1.76)",0.0
"[1840, 1880)","[-1.76, -1.6)",0.0
"[1840, 1880)","[-1.6, -1.44)",0.0
"[1840, 1880)","[-1.44, -1.28)",0.0
"[1840, 1880)","[-1.28, -1.12)",0.0
"[1840, 1880)","[-1.12, -0.96)",0.0
"[1840, 1880)","[-0.96, -0.8)",0.0
"[1840, 1880)","[-0.8, -0.64)",0.0
"[1840, 1880)","[-0.64, -0.48)",0.0
"[1840, 1880)","[-0.48, -0.32)",0.0
"[1840, 1880)","[-0.32, -0.16)",0.0
"[1840, 1880)","[-0.16, 0)",0.0
"[1840, 1880)","[0, 0.16)",0.0
"[1840, 1880)","[0.16, 0.32)",0.0
"[1840, 1880)","[0.32, 0.48)",0.0
"[1840, 1880)","[0.48, 0.64)",0.0
"[1840, 1880)","[0.64, 0.8)",0.0
"[1840, 1880)","[0.8, 0.96)",0.0
"[1840, 1880)","[0.96, 1.12)",0.0
"[1840, 1880)","[1.12, 1.28)",0.0
"[1840, 1880)","[1.28, 1.44)",0.0
"[1840, 1880)","[1.44, 1.6)",0.0
"[1840, 1880)","[1.6, 1.76)",0.0
"[1840, 1880)","[1.76, 1.92)",0.0
"[1840, 1880)","[1.92, 2.08)",0.0
"[1840, 1880)","[2.08, 2.24)",0.0
"[1840, 1880)","[2.24, 2.4)",0.0
"[1840, 1880)","[2.4, 2.56)",0.0
"[1840, 1880)","[2.56, 2.72)",0.0
"[1840, 1880)","[2.72, 2.88)",0.0
"[1840, 1880)","[2.88, 3.04)",0.0
"[1840, 1880)","[3.04, 3.2)",0.0
"[1840, 1880)","[3.2, 3.36)",0.0
"[1840, 1880)","[3.36, 3.52)",0.0
"[1840, 1880)","[3.52, 3.68)",0.0
"[1840, 1880)","[3.68, 3.84)",0.0
"[1840, 1880)","[3.84, 4)",0.0
"[1880, 1920)","[-4, -3.84)",0.0
"[1880, 1920)","[-3.84, -3.68)",0.0
"[1880, 1920)","[-3.68, -3.52)",0.0
"[1880, 1920)","[-3.52, -3.36)",0.0
"[1880, 1920)","[-3.36, -3.2)",0.0
"[1880, 1920)","[-3.2, -3.04)",0.0
"[1880, 1920)","[-3.04, -2.88)",0.0
"[1880, 1920)","[-2.88, -2.72)",0.0
"[1880, 1920)","[-2.72, -2.56)",0.0
"[1880, 1920)","[-2.56, -2.4)",0.0
"[1880, 1920)","[-2.4, -2.24)",0.0
"[1880, 1920)","[-2.24, -2.08)",0.0
"[1880, 1920)","[-2.08, -1.92)",0.0
"[1880, 1920)","[-1.92, -1.76)",0.0
"[1880, 1920)","[-1.76, -1.6)",0.0
"[1880, 1920)","[-1.6, -1.44)",0.0
"[1880, 1920)","[-1.44, -1.28)",0.0
"[1880, 1920)","[-1.28, -1.12)",0.0
"[1880, 1920)","[-1.12, -0.96)",0.0
"[1880, 1920)","[-0.96, -0.8)",0.0
"[1880, 1920)","[-0.8, -0.64)",0.0
"[1880, 1920)","[-0.64, -0.48)",0.0
"[1880, 1920)","[-0.48, -0.32)",0.0
"[1880, 1920)","[-0.32, -0.16)",0.0
"[1880, 1920)","[-0.16, 0)",0.0
"[1880, 1920)","[0, 0.16)",0.0
"[1880, 1920)","[0.16, 0.32)",0.0
"[1880, 1920)","[0.32, 0.48)",0.0
"[1880, 1920)","[0.48, 0.64)",0.0
"[1880, 1920)","[0.64, 0.8)",0.0
"[1880, 1920)","[0.8, 0.96)",0.0
"[1880, 1920)","[0.96, 1.12)",0.0
"[1880, 1920)","[1.12, 1.28)",0.0
"[1880, 1920)","[1.28, 1.44)",0.0
"[1880, 1920)","[1.44, 1.6)",0.0
"[1880, 1920)","[1.6, 1.76)",0.0
"[1880, 1920)","[1.76, 1.92)",0.0
"[1880, 1920)","[1.92, 2.08)",0.0
"[1880, 1920)","[2.08, 2.24)",0.0
"[1880, 1920)","[2.24, 2.4)",0.0
"[1880, 1920)","[2.4, 2.56)",0.0
"[1880, 1920)","[2.56, 2.72)",0.0
"[1880, 1920)","[2.72, 2.88)",0.0
"[1880, 1920)","[2.88, 3.04)",0.0
"[1880, 1920)","[3.04, 3.2)",0.0
"[1880, 1920)","[3.2, 3.36)",0.0
"[1880, 1920)","[3.36, 3.52)",0.0
"[1880, 1920)","[3.52, 3.68)",0.0
"[1880, 1920)","[3.68, 3.84)",0.0
"[1880, 1920)","[3.84, 4)",0.0
"[1920, 1960)","[-4, -3.84)",0.0
"[1920, 1960)","[-3.84, -3.68)",0.0
"[1920, 1960)","[-3.68, -3.52)",0.0
"[1920, 1960)","[-3.52, -3.36)",0.0
"[1920, 1960)","[-3.36, -3.2)",0.0
"[1920, 1960)","[-3.2, -3.04)",0.0
"[1920, 1960)","[-3.04, -2.88)",0.0
"[1920, 1960)","[-2.88, -2.72)",0.0
"[1920, 1960)","[-2.72, -2.56)",0.0
"[1920, 1960)","[-2.56, -2.4)",0.0
"[1920, 1960)","[-2.4, -2.24)",0.0
"[1920, 1960)","[-2.24, -2.08)",0.0
"[1920, 1960)","[-2.08, -1.92)",0.0
"[1920, 1960)","[-1.92, -1.76)",0.0
"[1920, 1960)","[-1.76, -1.6)",0.0
"[1920, 1960)","[-1.6, -1.44)",0.0
"[1920, 1960)","[-1.44, -1.28)",0.0
"[1920, 1960)","[-1.28, -1.12)",0.0
"[1920, 1960)","[-1.12, -0.96)",0.0
"[1920, 1960)","[-0.96, -0.8)",0.0
"[1920, 1960)","[-0.8, -0.64)",0.0
"[1920, 1960)","[-0.64, -0.48)",0.0
"[1920, 1960)","[-0.48, -0.32)",0.0
"[1920, 1960)","[-0.32, -0.16)",0.0
"[1920, 1960)","[-0.16, 0)",0.0
"[1920, 1960)","[0, 0.16)",0.0
"[1920, 1960)","[0.16, 0.32)",0.0
"[1920, 1960)","[0.32, 0.48)",0.0
"[1920, 1960)","[0.48, 0.64)",0.0
"[1920, 1960)","[0.64, 0.8)",0.0
"[1920, 1960)","[0.8, 0.96)",0.0
"[1920, 1960)","[0.96, 1.12)",0.0
"[1920, 1960)","[1.12, 1.28)",0.0
"[1920, 1960)","[1.28, 1.44)",0.0
"[1920, 1960)","[1.44, 1.6)",0.0
"[1920, 1960)","[1.6, 1.76)",0.0
"[1920, 1960)","[1.76, 1.92)",0.0
"[1920, 1960)","[1.92, 2.08)",0.0
"[1920, 1960)","[2.08, 2.24)",0.0
"[1920, 1960)","[2.24, 2.4)",0.0
"[1920, 1960)","[2.4, 2.56)",0.0
"[1920, 1960)","[2.56, 2.72)",0.0
"[1920, 1960)","[2.72, 2.88)",0.0
"[1920, 1960)","[2.88, 3.04)",0.0
"[1920, 1960)","[3.04, 3.2)",0.0
"[1920, 1960)","[3.2, 3.36)",0.0
"[1920, 1960)","[3.36, 3.52)",0.0
"[1920, 1960)","[3.52, 3.68)",0.0
"[1920, 1960)","[3.68, 3.84)",0.0
"[1920, 1960)","[3.84, 4)",0.0
"[1960, 2000)","[-4, -3.84)",0.0
"[1960, 2000)","[-3.84, -3.68)",0.0
"[1960, 2000)","[-3.68, -3.52)",0.0
"[1960, 2000)","[-3.52, -3.36)",0.0
"[1960, 2000)","[-3.36, -3.2)",0.0
"[1960, 2000)","[-3.2, -3.04)",0.0
"[1960, 2000)","[-3.04, -2.88)",0.0
"[1960, 2000)","[-2.88, -2.72)",0.0
"[1960, 2000)","[-2.72, -2.56)",0.0
"[1960, 2000)","[-2.56, -2.4)",0.0
"[1960, 2000)","[-2.4, -2.24)",0.0
"[1960, 2000)","[-2.24, -2.08)",0.0
"[1960, 2000)","[-2.08, -1.92)",0.0
"[1960, 2000)","[-1.92, -1.76)",0.0
"[1960, 2000)","[-1.76, -1.6)",0.0
"[1960, 2000)","[-1.6, -1.44)",0.0
"[1960, 2000)","[-1.44, -1.28)",0.0
"[1960, 2000)","[-1.28, -1.12)",0.0
"[1960, 2000)","[-1.12, -0.96)",0.0
"[1960, 2000)","[-0.96, -0.8)",0.0
"[1960, 2000)","[-0.8, -0.64)",0.0
"[1960, 2000)","[-0.64, -0.48)",0.0
"[1960, 2000)","[-0.48, -0.32)",0.0
"[1960, 2000)","[-0.32, -0.16)",0.0
"[1960, 2000)","[-0.16, 0)",0.0
"[1960, 2000)","[0, 0.16)",0.0
"[1960, 2000)","[0.16, 0.32)",0.0
"[1960, 2000)","[0.32, 0.48)",0.0
"[1960, 2000)","[0.48, 0.64)",0.0
"[1960, 2000)","[0.64, 0.8)",0.0
"[1960, 2000)","[0.8, 0.96)",0.0
"[1960, 2000)","[0.96, 1.12)",0.0
"[1960, 2000)","[1.12, 1.28)",0.0
"[1960, 2000)","[1.28, 1.44)",0.0
"[1960, 2000)","[1.44, 1.6)",0.0
"[1960, 2000)","[1.6, 1.76)",0.0
"[1960, 2000)","[1.76, 1.92)",0.0
"[1960, 2000)","[1.92, 2.08)",0.0
"[1960, 2000)","[2.08, 2.24)",0.0
"[1960, 2000)","[2.24, 2.4)",0.0
"[1960, 2000)","[2.4, 2.56)",0.0
"[1960, 2000)","[2.56, 2.72)",0.0
"[1960, 2000)","[2.72, 2.88)",0.0
"[1960, 2000)","[2.88, 3.04)",0.0
"[1960, 2000)","[3.04, 3.2)",0.0
"[1960, 2000)","[3.2, 3.36)",0.0
"[1960, 2000)","[3.36, 3.52)",0.0
"[1960, 2000)","[3.52, 3.68)",0.0
"[1960, 2000)","[3.68, 3.84)",0.0
"[1960, 2000)","[3.84, 4)",0.0
